,yearsatcompany,yearsincurrentrole,yearssincelastpromotion,yearswithcurrmanager,sameasmonthlyincome,datebirth,salary,roledepartament,numberchildren,remotework
0,20,,15,15,16280.83,1972,195370.00,,,Yes
1,33,,11,9,,1971,199990.00,,,Yes
2,22,,11,15,,1981,192320.00,manager  -  research & development,,Yes
3,20,,5,6,14307.50,1976,171690.00,,,No
4,19,,2,8,12783.92,1977,,,,No
5,22,,4,7,14311.67,1975,,manager  -  research & development,,Yes
6,21,,7,9,8339.32,1964,100071.84,,,Yes
7,20,,11,6,,1981,53914.11,,,No
8,18,,11,8,13829.17,1982,165950.00,,,Yes
9,18,,0,11,15943.72,1982,,,,No
10,21,,5,10,16644.17,1982,199730.00,,,No
11,19,,15,9,,1967,134020.00,,,No
12,18,,1,11,,1985,132060.00,,,Yes
13,22,,15,8,,1982,195450.00,,,No
14,24,,2,15,15943.72,1968,,,,Yes
15,20,,1,12,15034.17,1983,180410.00,,,No
16,31,,13,8,16038.33,1965,192460.00,,,No
17,26,,15,9,12783.92,1977,,,,No
18,16,,1,10,4492.84,1988,,,,No
19,18,,14,12,8339.32,1983,,,,Yes
20,23,,14,4,8956.67,1978,107480.00,healthcare representative  -  research & development,,No
21,15,,8,12,,1990,100071.84,,,Yes
22,17,,12,8,,1987,100071.84,,,Yes
23,26,,3,0,,1976,167520.00,,,No
24,18,,4,11,5167.50,1987,62010.00,,,Yes
25,17,,5,15,,1988,100071.84,,,No
26,32,,6,9,,1971,198450.00,,,Yes
27,16,,5,12,4492.84,1987,53914.11,,,No
28,15,,5,7,4492.84,1990,53914.11,,,Yes
29,15,,0,7,3334.17,1989,40010.00,sales executive  -  sales,,Yes
30,22,,13,5,8705.83,1982,104470.00,sales executive  -  sales,,Yes
31,17,,12,11,8339.32,1976,,healthcare representative  -  research & development,,Yes
32,14,,4,8,15943.72,1970,191324.62,,,Yes
33,15,,2,8,4492.84,1988,53914.11,,,No
34,16,,2,10,4492.84,1989,,,,Yes
35,24,,15,7,8339.32,1977,100071.84,,,Yes
36,17,,1,9,,1980,160640.00,,,Yes
37,15,,10,11,2675.00,1987,32100.00,laboratory technician  -  research & development,,Yes
38,18,13,13,11,8555.00,1963,102660.00,,,Yes
39,18,,1,12,8729.17,1983,104750.00,,,No
40,14,,6,8,,1991,61620.00,,,No
41,18,,2,17,3934.17,1982,47210.00,,,Yes
42,17,,15,2,12783.92,1970,153407.07,,,No
43,17,,15,14,,1987,28111.13,,,Yes
44,16,,1,7,3845.83,1977,46150.00,,,No
45,15,,5,8,4492.84,1985,53914.11,,,Yes
46,13,,12,8,8339.32,1972,100071.84,,,Yes
47,25,,4,12,14132.50,1980,169590.00,,,Yes
48,17,,5,7,,1986,28111.13,,,Yes
49,13,12,11,9,,1991,53914.11,,,Yes
50,15,,5,11,8339.32,1985,100071.84,,,No
51,13,,5,1,12783.92,1977,153407.07,,,Yes
52,13,,6,0,8588.33,1988,,,,No
53,16,,6,14,15943.72,1980,,,,Yes
54,13,,1,9,4492.84,1967,,,,Yes
55,15,,11,11,4505.00,1987,54060.00,,,Yes
56,13,,1,9,,1985,53914.11,,,Yes
57,15,,5,11,,1974,53914.11,,,No
58,15,,5,9,4918.33,1984,59020.00,,,Yes
59,12,,2,11,,1983,108550.00,,,Yes
60,13,,3,7,4928.33,1987,59140.00,,,Yes
61,13,,10,7,,1986,53914.11,,,No
62,17,,11,8,5538.33,1988,66460.00,,,Yes
63,13,,4,7,4492.84,1990,53914.11,,,No
64,12,,1,5,,1973,139730.00,manufacturing director  -  research & development,,No
65,15,11,4,8,,1975,100071.84,,,Yes
66,12,,11,11,11100.00,1979,,sales executive  -  sales,,Yes
67,20,,13,17,,1979,53914.11,,,Yes
68,12,,11,8,,1983,53914.11,,,Yes
69,14,,4,11,5572.50,1989,66870.00,,,Yes
70,14,,2,9,4492.84,1988,53914.11,healthcare representative  -  research & development,,Yes
71,14,11,1,11,,1973,100071.84,,,No
72,15,,2,12,12783.92,1974,153407.07,,,Yes
73,13,,2,9,,1985,47350.00,,,Yes
74,14,,2,13,,1990,28111.13,,,Yes
75,22,,14,10,8339.32,1976,100071.84,,,Yes
76,20,,0,7,4492.84,1985,,research scientist  -  research & development,,No
77,16,,6,8,8339.32,1986,100071.84,,,Yes
78,11,,10,8,,1993,53914.11,,,Yes
79,37,,1,8,11560.00,1965,138720.00,,,Yes
80,11,,5,8,8339.32,1989,,,,No
81,40,,15,6,8339.32,1965,100071.84,,,Yes
82,16,,5,13,8339.32,1985,,,,Yes
83,11,,4,1,8339.32,1994,100071.84,,,Yes
84,36,,4,13,15870.83,1968,190450.00,,,Yes
85,22,,0,4,13345.83,1982,,,,Yes
86,18,,3,7,8010.83,1984,96130.00,healthcare representative  -  research & development,,No
87,11,,2,9,,1985,115100.00,,,Yes
88,25,,3,9,12783.92,1980,153407.07,,,Yes
89,13,,3,12,3588.33,1992,,,,Yes
90,27,,15,7,14205.00,1973,170460.00,manager  -  research & development,,Yes
91,13,,4,8,8339.32,1988,100071.84,,,No
92,19,,2,7,4222.50,1976,,,,Yes
93,16,,10,1,8339.32,1988,100071.84,healthcare representative  -  research & development,,Yes
94,11,,11,1,,1983,100071.84,,,Yes
95,15,,4,12,4492.84,1978,53914.11,sales executive  -  sales,,No
96,14,,4,10,,1990,28111.13,research scientist  -  research & development,,No
97,11,,0,7,3076.67,1987,36920.00,,,No
98,24,,1,11,15943.72,1978,191324.62,,,Yes
99,29,,11,10,,1972,198470.00,,,No
100,11,,5,7,,1989,23080.00,,,No
101,14,,6,11,,1980,153407.07,research director  -  research & development,,Yes
102,15,,4,13,4492.84,1989,53914.11,,,No
103,11,,3,8,2342.59,1985,28111.13,,,Yes
104,22,,12,9,,1975,191324.62,,,No
105,15,,6,11,4789.17,1989,57470.00,research scientist  -  research & development,,No
106,14,,5,7,8685.00,1991,104220.00,,,Yes
107,10,,8,8,8339.32,1994,,,,No
108,10,,9,5,,1977,100071.84,,,No
109,11,,4,7,5289.17,1993,63470.00,human resources  -  human resources,,No
110,17,,0,15,1956.67,1978,23480.00,,,Yes
111,10,,7,4,8339.32,1993,100071.84,,,Yes
112,12,,6,10,,1993,30720.00,,,Yes
113,10,,1,9,4492.84,1989,,,,No
114,10,,4,7,10408.33,1972,124900.00,,,No
115,11,,5,9,4492.84,1989,53914.11,,,Yes
116,11,,6,9,6683.33,1988,80200.00,,,Yes
117,24,,9,11,8339.32,1978,100071.84,,,Yes
118,21,,11,10,,1984,170680.00,,,Yes
119,10,,8,9,7452.50,1992,89430.00,,,No
120,21,,13,3,16060.00,1984,192720.00,manager  -  research & development,,Yes
121,10,,9,8,4492.84,1978,53914.11,,,Yes
122,10,,1,2,4492.84,1993,,sales executive  -  sales,,Yes
123,11,,4,10,8339.32,1992,100071.84,,,No
124,13,,1,12,8339.32,1987,100071.84,,,Yes
125,10,,9,0,,1987,100071.84,,,Yes
126,10,,7,7,12783.92,1968,153407.07,,,Yes
127,11,,6,9,4492.84,1988,53914.11,,,Yes
128,10,,5,8,8339.32,1981,100071.84,,,No
129,10,,6,9,4647.50,1971,55770.00,,,Yes
130,31,,0,9,,1974,191324.62,,,Yes
131,10,,8,8,2242.50,1989,26910.00,research scientist  -  research & development,,Yes
132,10,,7,8,2342.59,1990,28111.13,,,No
133,13,,3,7,8339.32,1990,,research director  -  research & development,,Yes
134,12,,3,8,12783.92,1970,153407.07,,,Yes
135,26,,1,7,6169.17,1974,74030.00,,,No
136,10,,0,8,,1988,100071.84,,,No
137,19,,1,9,7352.50,1985,88230.00,,,No
138,12,,4,9,12783.92,1977,153407.07,manager  -  sales,,No
139,11,,0,9,4492.84,1987,53914.11,,,No
140,21,,13,14,,1981,153407.07,,,Yes
141,13,,4,9,4492.84,1989,,,,Yes
142,11,,5,7,2982.50,1993,35790.00,research scientist  -  research & development,,Yes
143,10,,0,9,14815.83,1969,177790.00,,,Yes
144,10,,1,8,4492.84,1992,53914.11,,,No
145,22,,3,10,15177.50,1979,182130.00,,,Yes
146,33,,15,0,,1968,135770.00,,,No
147,25,,14,13,15991.67,1979,191900.00,,,No
148,10,,1,8,4492.84,1989,,human resources  -  human resources,,Yes
149,19,,15,2,,1984,171230.00,,,No
150,19,,9,11,15989.17,1968,191870.00,,,Yes
151,33,,0,10,12783.92,1972,153407.07,,,Yes
152,10,,5,9,8340.00,1965,,,,Yes
153,10,,0,8,8339.32,1975,100071.84,,,Yes
154,10,,0,9,6656.67,1994,79880.00,human resources  -  human resources,,No
155,13,,3,12,4492.84,1989,53914.11,,,Yes
156,12,,5,8,2342.59,1981,,,,Yes
157,12,,2,8,4492.84,1966,53914.11,,,Yes
158,15,,10,10,,1989,53914.11,,,No
159,14,,1,12,12783.92,1969,,,,Yes
160,10,,8,6,5902.50,1989,70830.00,,,No
161,10,,1,5,3935.83,1994,,,,Yes
162,10,,6,8,2839.17,1988,34070.00,,,Yes
163,11,,6,7,4492.84,1988,53914.11,,,Yes
164,10,,8,7,2440.83,1989,29290.00,,,Yes
165,10,,8,8,4492.84,1980,53914.11,,,No
166,16,,14,14,12783.92,1965,153407.07,,,Yes
167,10,,1,7,4492.84,1987,53914.11,sales executive  -  sales,,No
168,10,,0,9,8339.32,1980,100071.84,,,Yes
169,10,,1,4,,1968,191324.62,,,Yes
170,20,,3,7,,1981,53914.11,research scientist  -  research & development,,Yes
171,10,,9,4,4492.84,1983,,,,Yes
172,10,,9,8,,1967,28111.13,laboratory technician  -  research & development,,Yes
173,20,,9,6,10025.83,1984,120310.00,,,Yes
174,25,,3,7,12855.83,1970,154270.00,,,Yes
175,9,,1,7,8339.32,1996,,,,No
176,12,,3,7,4492.84,1993,53914.11,,,Yes
177,9,,1,8,8339.32,1988,,,,Yes
178,9,,7,8,5135.00,1991,61620.00,manufacturing director  -  research & development,,Yes
179,10,,3,0,4271.67,1993,51260.00,,,No
180,9,,4,7,8015.83,1977,96190.00,sales executive  -  sales,,No
181,11,,2,7,4492.84,1993,53914.11,,,No
182,11,,5,7,4175.00,1991,,,,Yes
183,10,,0,6,8339.32,1988,100071.84,,,No
184,9,,3,7,8339.32,1991,100071.84,,,Yes
185,9,,1,8,,1982,28111.13,research scientist  -  research & development,,Yes
186,20,,9,9,15860.83,1983,190330.00,,,No
187,20,,11,8,12783.92,1978,,,,Yes
188,14,,9,8,8666.67,1991,104000.00,,,No
189,11,,5,8,8339.32,1993,100071.84,manufacturing director  -  research & development,,Yes
190,10,,0,7,,1986,100071.84,,,Yes
191,9,,5,8,2327.50,1986,,,,No
192,9,,4,7,4492.84,1983,,,,No
193,9,,0,8,4728.33,1987,56740.00,,,Yes
194,13,,4,8,4492.84,1991,53914.11,,,Yes
195,10,,0,1,,1985,100071.84,,,Yes
196,10,,1,9,4492.84,1993,53914.11,,,Yes
197,21,,1,6,,1984,191970.00,,,Yes
198,29,,11,10,15943.72,1963,191324.62,,,Yes
199,9,,7,8,7010.00,1993,84120.00,,,Yes
200,13,,0,8,8339.32,1992,100071.84,manufacturing director  -  research & development,,Yes
201,10,,9,7,2790.00,1990,33480.00,,,No
202,20,,3,8,2342.59,1973,,,,Yes
203,10,,4,7,4424.17,1991,53090.00,laboratory technician  -  research & development,,Yes
204,9,,7,8,4492.84,1981,,,,Yes
205,9,,7,7,6378.33,1974,76540.00,sales executive  -  sales,,No
206,9,,0,8,10673.33,1996,128080.00,,,Yes
207,9,,0,8,4492.84,1990,53914.11,,,Yes
208,9,,0,0,12783.92,1971,153407.07,manufacturing director  -  research & development,,No
209,10,,5,3,4492.84,1991,53914.11,,,Yes
210,16,,4,11,5488.33,1987,65860.00,,,No
211,9,,0,0,4492.84,1992,53914.11,sales executive  -  sales,,No
212,11,,3,9,2099.17,1987,25190.00,,,Yes
213,9,,7,8,,1971,170990.00,,,Yes
214,10,,6,0,12783.92,1990,153407.07,,,No
215,9,,0,8,4492.84,1978,53914.11,,,Yes
216,14,,7,8,8339.32,1987,100071.84,manufacturing director  -  research & development,,Yes
217,9,,2,3,10933.33,1974,131200.00,,,No
218,11,,3,10,8339.32,1994,100071.84,,,Yes
219,10,,0,8,2609.17,1994,,,,No
220,14,,3,11,4492.84,1986,53914.11,manufacturing director  -  research & development,,Yes
221,9,,0,8,,1990,100071.84,,,Yes
222,11,,5,10,,1989,44440.00,,,Yes
223,9,,7,5,5561.67,1995,,,,Yes
224,10,,9,6,,1992,98520.00,,,Yes
225,20,,2,10,14884.17,1981,178610.00,,,No
226,9,,8,8,,1983,53914.11,,,Yes
227,10,,9,6,4492.84,1989,,,,Yes
228,9,,1,5,,1965,191324.62,,,No
229,10,,4,7,6205.00,1992,,,,Yes
230,9,,4,8,11464.17,1983,137570.00,,,Yes
231,9,,8,8,13831.67,1970,165980.00,,,Yes
232,14,,6,9,12783.92,1989,153407.07,research director  -  research & development,,Yes
233,11,,3,3,8339.32,1988,,,,Yes
234,10,,3,7,,1986,42850.00,,,Yes
235,20,,13,9,,1981,101240.00,,,Yes
236,10,,7,7,8339.32,1978,100071.84,,,Yes
237,10,,6,7,,1993,97140.00,,,Yes
238,9,,7,7,,1985,99240.00,,,Yes
239,30,,12,13,,1973,112450.00,,,No
240,10,,0,7,2557.50,1984,,,,Yes
241,11,,7,9,4492.84,1989,53914.11,,,Yes
242,10,,4,7,,1969,153407.07,manager  -  research & development,,Yes
243,10,,8,7,7700.83,1982,92410.00,,,No
244,9,,5,8,5393.33,1984,64720.00,,,Yes
245,21,,12,8,15943.72,1983,191324.62,,,No
246,9,,1,7,,1990,30550.00,,,Yes
247,12,,5,7,6934.17,1987,83210.00,,,No
248,10,,7,6,,1990,31430.00,,,Yes
249,10,,4,8,4492.84,1989,,,,No
250,11,,3,10,2342.59,1994,28111.13,laboratory technician  -  research & development,,No
251,9,,4,7,7148.33,1977,85780.00,,,Yes
252,9,,5,8,4492.84,1996,53914.11,,,No
253,10,,0,2,3497.50,1992,,,,No
254,9,,3,8,4492.84,1978,,manufacturing director  -  research & development,,Yes
255,14,,2,1,8240.00,1989,98880.00,,,No
256,10,,8,7,4492.84,1992,53914.11,research scientist  -  research & development,,Yes
257,10,,0,9,4492.84,1988,53914.11,,,No
258,20,,11,10,,1984,133410.00,,,No
259,11,,5,10,4730.83,1983,,,,Yes
260,12,,1,7,2342.59,1993,,,,No
261,13,,5,12,8339.32,1976,100071.84,research director  -  research & development,,Yes
262,9,,0,0,2342.59,1971,28111.13,,,Yes
263,10,,1,7,4492.84,1974,53914.11,,,Yes
264,8,,3,0,,1990,29090.00,,,Yes
265,7,,3,6,2342.59,1991,28111.13,,,Yes
266,9,,1,8,7938.33,1985,95260.00,manufacturing director  -  research & development,,Yes
267,7,,7,7,4492.84,1987,53914.11,healthcare representative  -  research & development,,Yes
268,9,,4,2,5687.50,1981,,,,No
269,7,,1,7,4492.84,1992,53914.11,laboratory technician  -  research & development,,No
270,11,,1,8,3686.67,1992,44240.00,,,No
271,10,,1,0,4534.17,1972,,,,Yes
272,9,,0,6,5061.67,1989,60740.00,,,Yes
273,9,,2,8,8339.32,1987,100071.84,,,No
274,10,,0,9,2342.59,1993,28111.13,,,No
275,7,7,0,7,,1990,61460.00,,,Yes
276,7,,7,7,5143.33,1992,61720.00,,,No
277,9,,0,7,8339.32,1982,100071.84,,,No
278,8,,5,7,2342.59,1997,,,,Yes
279,8,,0,7,,1991,46680.00,,,Yes
280,20,,2,13,4670.83,1983,56050.00,,,No
281,7,,4,5,4492.84,1970,53914.11,sales representative  -  sales,,Yes
282,10,,0,9,3599.17,1994,43190.00,manufacturing director  -  research & development,,No
283,8,,7,2,,1987,28111.13,laboratory technician  -  research & development,,Yes
284,8,,1,6,2342.59,1990,28111.13,research scientist  -  research & development,,Yes
285,7,,1,0,,1972,153407.07,,,No
286,7,,0,3,2342.59,1996,28111.13,,,No
287,8,,1,7,2970.00,1986,35640.00,,,Yes
288,7,,1,7,5217.50,1985,62610.00,,,Yes
289,7,,1,7,5670.00,1974,68040.00,,,No
290,7,,0,7,4492.84,1996,53914.11,,,No
291,19,,12,8,8339.32,1978,100071.84,sales executive  -  sales,,Yes
292,10,,0,8,,1988,100071.84,,,Yes
293,9,,1,7,,1990,28111.13,,,Yes
294,33,,15,12,15943.72,1971,191324.62,,,Yes
295,21,,3,9,16196.67,1983,194360.00,research director  -  research & development,,Yes
296,8,,7,5,4492.84,1985,53914.11,sales executive  -  sales,,Yes
297,7,,7,7,12783.92,1977,153407.07,,,No
298,20,,4,10,12783.92,1978,153407.07,,,Yes
299,10,,9,9,8339.32,1976,,,,Yes
300,7,,6,2,,1988,100071.84,,,No
301,10,,0,9,4492.84,1994,53914.11,,,Yes
302,10,,0,8,,1968,53914.11,laboratory technician  -  research & development,,Yes
303,8,,7,4,4856.67,1997,,,,Yes
304,8,,7,7,4492.84,1992,53914.11,,,Yes
305,8,,1,7,,1980,24550.00,,,Yes
306,7,,1,7,,1992,53914.11,,,Yes
307,7,,0,7,,1991,50550.00,,,Yes
308,7,,0,1,3901.67,1990,,,,No
309,9,,0,0,,1980,52570.00,laboratory technician  -  research & development,,No
310,7,,0,7,1765.83,1994,,,,No
311,8,,0,7,4492.84,1996,53914.11,sales executive  -  sales,,No
312,7,,1,7,4492.84,1994,53914.11,,,No
313,7,,6,7,4978.33,1986,59740.00,,,No
314,8,,7,7,4492.84,1997,53914.11,,,Yes
315,7,,1,7,2342.59,1983,,,,Yes
316,8,,7,7,4492.84,1982,53914.11,,,No
317,7,,0,7,4492.84,1972,,,,Yes
318,18,,12,17,,1986,30340.00,,,No
319,7,,7,7,11010.00,1967,,,,Yes
320,10,,0,7,,1982,83920.00,sales executive  -  sales,,Yes
321,10,,0,8,4492.84,1977,53914.11,,,No
322,11,,6,7,,1993,28111.13,,,No
323,8,,0,0,8339.32,1988,100071.84,,,No
324,9,,6,7,3375.83,1975,40510.00,,,Yes
325,8,,3,7,4004.17,1978,48050.00,,,Yes
326,7,,1,0,2284.17,1997,,,,Yes
327,8,,0,7,,1982,53914.11,,,Yes
328,10,,5,7,,1989,53370.00,,,Yes
329,7,,5,7,,1992,53914.11,,,Yes
330,8,,4,7,,1980,53914.11,,,No
331,14,,8,10,,1970,53914.11,sales executive  -  sales,,No
332,10,,7,8,7861.67,1986,94340.00,,,Yes
333,9,,7,1,8339.32,1969,100071.84,,,Yes
334,7,,0,5,4492.84,1985,53914.11,sales executive  -  sales,,Yes
335,10,,2,8,2342.59,1994,28111.13,research scientist  -  research & development,,Yes
336,8,,7,7,,1989,100071.84,,,No
337,20,7,11,10,4492.84,1984,53914.11,,,No
338,10,,0,8,4496.67,1991,53960.00,,,Yes
339,9,,1,8,4492.84,1985,53914.11,,,Yes
340,9,,0,7,8339.32,1996,100071.84,,,No
341,7,,7,7,9299.17,1991,111590.00,,,No
342,7,,1,7,4133.33,1976,,,,No
343,9,,1,7,7327.50,1996,87930.00,,,Yes
344,22,,2,10,,1982,191890.00,,,No
345,7,,3,7,1846.67,1995,22160.00,research scientist  -  research & development,,Yes
346,8,,0,5,9760.83,1987,117130.00,research director  -  research & development,,No
347,8,,7,7,4420.00,1993,53040.00,,,Yes
348,10,,1,1,9252.50,1967,111030.00,,,No
349,8,,3,1,5526.67,1978,66320.00,,,Yes
350,10,,0,9,6322.50,1987,75870.00,,,No
351,8,,1,1,3612.50,1994,43350.00,,,Yes
352,15,,4,12,4983.33,1985,59800.00,,,Yes
353,8,,3,7,3536.67,1983,,,,Yes
354,24,,14,9,15943.72,1981,,,,Yes
355,9,,0,5,4356.67,1987,52280.00,,,No
356,10,,0,7,2250.00,1994,27000.00,,,Yes
357,9,,7,3,,1968,53914.11,,,No
358,8,,7,5,,1995,53914.11,sales executive  -  sales,,Yes
359,8,,1,7,1971.67,1997,23660.00,,,Yes
360,8,,7,1,2342.59,1979,,,,Yes
361,7,,1,0,2342.59,1982,,laboratory technician  -  research & development,,Yes
362,7,,5,2,1940.83,1992,23290.00,,,No
363,7,,0,7,,1997,42940.00,sales executive  -  sales,,Yes
364,9,,8,5,,1992,53914.11,,,No
365,8,,6,3,,1991,67250.00,,,No
366,16,,3,7,8604.17,1987,103250.00,,,No
367,9,,0,8,,1978,44470.00,,,Yes
368,8,,0,7,,1984,100071.84,,,No
369,7,,0,7,4492.84,1987,53914.11,,,Yes
370,8,,0,7,9037.50,1977,108450.00,,,No
371,10,,0,8,8339.32,1969,100071.84,,,Yes
372,8,,1,7,8339.32,1993,100071.84,,,Yes
373,8,,1,3,,1997,54720.00,,,No
374,8,,6,7,5320.83,1968,63850.00,,,Yes
375,18,,0,13,,1973,63470.00,sales executive  -  sales,,Yes
376,8,,7,7,,1991,28111.13,,,Yes
377,15,,6,12,,1970,75250.00,,,Yes
378,7,,7,5,4492.84,1983,53914.11,,,No
379,9,,6,2,12783.92,1968,,,,Yes
380,10,,1,9,8339.32,1995,100071.84,,,No
381,8,,1,7,3050.00,1995,,,,Yes
382,8,,4,7,,1988,100071.84,,,Yes
383,13,,3,8,4492.84,1990,53914.11,research scientist  -  research & development,,Yes
384,7,,5,6,,1998,28111.13,laboratory technician  -  research & development,,Yes
385,8,,2,7,7283.33,1985,87400.00,sales executive  -  sales,,Yes
386,9,,1,7,,1995,100071.84,,,Yes
387,8,,0,1,,1980,100071.84,,,No
388,18,,11,5,12783.92,1984,153407.07,healthcare representative  -  research & development,,No
389,20,,4,9,,1983,191324.62,,,Yes
390,10,,1,2,4492.84,1994,,,,Yes
391,18,,2,13,11249.17,1983,134990.00,,,No
392,8,,0,7,2342.59,1997,28111.13,,,Yes
393,7,,6,4,8339.32,1988,,,,Yes
394,7,,4,7,15943.72,1970,191324.62,manager  -  research & development,,No
395,7,,1,7,,1988,53914.11,,,Yes
396,10,,0,1,4492.84,1990,53914.11,,,Yes
397,7,,1,7,,1987,28111.13,laboratory technician  -  research & development,,Yes
398,10,,8,9,2909.17,1993,34910.00,,,Yes
399,11,,1,9,4350.00,1963,,,,Yes
400,8,,0,7,,1991,53914.11,,,No
401,7,,7,7,8543.33,1987,102520.00,,,Yes
402,9,,6,8,2342.59,1996,,,,Yes
403,8,,0,7,16450.00,1980,197400.00,research director  -  research & development,,Yes
404,7,,1,7,,1994,153407.07,,,Yes
405,9,,5,4,8339.32,1964,100071.84,,,No
406,21,,15,17,8339.32,1980,100071.84,,,Yes
407,10,,0,5,8339.32,1979,100071.84,,,Yes
408,7,,7,7,2342.59,1994,,laboratory technician  -  research & development,,Yes
409,10,,0,8,5174.17,1991,62090.00,,,No
410,7,,1,7,,1987,70940.00,,,Yes
411,8,,7,7,8339.32,1971,100071.84,sales executive  -  sales,,Yes
412,8,,1,7,3778.33,1984,45340.00,,,Yes
413,9,,1,6,7083.33,1989,85000.00,,,Yes
414,7,,1,7,,1985,53914.11,,,Yes
415,15,,6,13,3865.83,1987,46390.00,sales executive  -  sales,,Yes
416,9,,0,0,4469.17,1988,53630.00,,,No
417,19,,3,8,12783.92,1968,153407.07,,,Yes
418,8,,7,7,4492.84,1989,53914.11,,,No
419,20,,1,8,3400.83,1980,40810.00,,,No
420,20,,0,9,12783.92,1981,153407.07,,,No
421,7,,0,7,,1997,35780.00,,,Yes
422,8,,7,7,8339.32,1994,100071.84,,,Yes
423,20,,12,7,,1969,173280.00,research director  -  research & development,,No
424,7,,0,0,12783.92,1968,153407.07,,,Yes
425,8,,0,7,4492.84,1983,53914.11,,,Yes
426,13,,9,9,8994.17,1992,107930.00,,,Yes
427,7,,4,3,8339.32,1977,,,,Yes
428,7,,0,7,9042.50,1978,108510.00,,,No
429,8,,0,7,,1974,104660.00,,,No
430,10,,0,4,4492.84,1994,53914.11,,,Yes
431,9,,0,7,,1994,23620.00,,,Yes
432,7,,0,7,,1994,53914.11,,,Yes
433,21,,7,7,12783.92,1983,153407.07,manager  -  human resources,,Yes
434,8,,7,7,,1975,64390.00,sales executive  -  sales,,Yes
435,33,,1,9,,1970,100071.84,,,Yes
436,22,,1,10,,1979,191324.62,,,No
437,10,,1,4,,1978,57690.00,,,No
438,10,,4,5,3654.17,1978,,,,No
439,9,,7,2,4492.84,1989,53914.11,,,Yes
440,7,,7,7,4492.84,1984,,manufacturing director  -  research & development,,No
441,7,,0,7,3388.33,1996,40660.00,laboratory technician  -  research & development,,Yes
442,10,,3,9,4492.84,1978,,,,Yes
443,10,,0,2,4492.84,1979,,,,Yes
444,7,,0,7,4338.33,1998,52060.00,,,No
445,8,,0,0,12783.92,1974,153407.07,,,Yes
446,9,,7,7,2212.50,1975,,,,No
447,7,,5,7,2141.67,1997,25700.00,,,Yes
448,8,,6,7,8339.32,1979,100071.84,,,Yes
449,13,,6,7,3751.67,1987,45020.00,,,Yes
450,10,,0,9,4492.84,1977,53914.11,healthcare representative  -  research & development,,Yes
451,7,,0,7,4492.84,1988,53914.11,,,Yes
452,9,,0,7,4140.00,1993,49680.00,,,No
453,7,,1,7,8339.32,1993,100071.84,,,Yes
454,11,,1,7,4289.17,1990,51470.00,,,Yes
455,7,,0,7,2265.00,1991,27180.00,,,Yes
456,9,,1,8,2949.17,1980,,,,No
457,12,,5,7,4556.67,1992,54680.00,,,Yes
458,10,,7,7,4844.17,1988,,,,No
459,7,,1,7,4492.84,1988,53914.11,manufacturing director  -  research & development,,No
460,7,,0,2,8055.83,1993,96670.00,,,No
461,9,7,3,7,4492.84,1977,,,,No
462,8,,5,7,,1978,51540.00,,,No
463,7,,7,7,4729.17,1980,56750.00,,,No
464,8,,0,7,6095.00,1977,73140.00,,,Yes
465,19,,11,16,12783.92,1983,,manager  -  research & development,,Yes
466,8,,0,7,4492.84,1996,53914.11,sales executive  -  sales,,No
467,13,,5,7,8339.32,1981,,,,Yes
468,7,,7,7,2342.59,1997,28111.13,,,Yes
469,7,,0,7,,1995,53914.11,,,Yes
470,8,,1,7,4492.84,1976,53914.11,,,No
471,8,,1,1,8339.32,1989,100071.84,,,Yes
472,7,,7,6,2342.59,1997,28111.13,laboratory technician  -  research & development,,Yes
473,7,,0,7,,1996,53914.11,,,No
474,10,,0,8,4492.84,1992,53914.11,sales executive  -  sales,,Yes
475,9,,2,8,4492.84,1990,,,,Yes
476,11,,4,8,8339.32,1992,100071.84,,,Yes
477,10,,0,8,,1988,50980.00,,,Yes
478,9,,8,1,4492.84,1990,53914.11,,,Yes
479,7,,1,7,4492.84,1984,,,,No
480,9,,3,4,,1987,100071.84,,,Yes
481,20,,0,10,11308.33,1982,135700.00,,,Yes
482,8,,1,7,,1989,67120.00,sales executive  -  sales,,No
483,10,,1,9,4492.84,1985,,,,Yes
484,7,,1,7,8325.83,1984,99910.00,,,Yes
485,12,6,2,11,,1989,100071.84,,,No
486,22,,5,17,8540.00,1979,102480.00,,,Yes
487,9,,0,8,4492.84,1977,53914.11,,,Yes
488,7,,7,7,,1982,153407.07,manager  -  research & development,,No
489,19,,11,8,9115.00,1984,,healthcare representative  -  research & development,,No
490,9,,7,8,2160.83,1981,25930.00,,,Yes
491,10,,8,8,9898.33,1990,,manager  -  research & development,,Yes
492,16,,0,13,6745.83,1988,80950.00,,,Yes
493,7,,7,7,,1990,100071.84,,,Yes
494,20,,5,13,,1983,153407.07,,,No
495,21,,12,6,15943.72,1982,191324.62,,,No
496,7,,0,7,,1996,53914.11,,,No
497,34,,1,16,14046.67,1971,168560.00,,,Yes
498,20,,4,17,12783.92,1972,153407.07,,,No
499,7,,7,7,3780.83,1976,45370.00,,,Yes
500,31,,14,7,,1973,179240.00,manager  -  research & development,,No
501,10,,0,7,3345.00,1988,40140.00,healthcare representative  -  research & development,,Yes
502,21,,11,8,10618.33,1984,127420.00,,,Yes
503,21,,2,8,8339.32,1984,100071.84,,,No
504,10,,0,8,,1982,33760.00,,,No
505,20,,3,6,8735.00,1979,104820.00,human resources  -  human resources,,Yes
506,22,,13,7,12783.92,1981,,,,No
507,8,,4,0,,1971,100071.84,,,Yes
508,7,,5,0,2342.59,1985,28111.13,,,Yes
509,7,,5,7,,1977,28111.13,human resources  -  human resources,,Yes
510,9,,1,1,3540.83,1988,42490.00,,,No
511,8,,1,7,5457.50,1995,,manufacturing director  -  research & development,,Yes
512,20,,14,17,12783.92,1979,,,,Yes
513,32,,13,9,12009.17,1973,,,,No
514,36,,2,13,,1968,195860.00,,,Yes
515,7,,7,6,6864.17,1984,82370.00,sales executive  -  sales,,Yes
516,9,,1,4,2675.83,1974,,laboratory technician  -  research & development,,Yes
517,21,6,8,6,13920.00,1978,,,,No
518,10,,0,3,8339.32,1977,100071.84,,,No
519,7,,7,3,,1996,47740.00,,,No
520,22,,4,14,15943.72,1981,,,,Yes
521,9,,0,8,,1974,53914.11,sales executive  -  sales,,Yes
522,9,,0,8,,1994,53914.11,,,Yes
523,9,,8,7,3806.67,1989,45680.00,,,No
524,7,,0,7,4994.17,1986,59930.00,,,No
525,6,,0,3,5415.83,1987,64990.00,,,Yes
526,6,,0,3,,1978,34520.00,,,Yes
527,6,,1,5,,1994,28111.13,,,No
528,6,,1,4,5330.83,1997,63970.00,,,No
529,7,,0,7,,1995,53914.11,,,Yes
530,6,,0,4,,1981,53914.11,,,Yes
531,6,,0,5,,1992,53914.11,sales executive  -  sales,,Yes
532,6,,1,2,8339.32,1986,100071.84,,,Yes
533,9,,7,7,,1986,100071.84,,,No
534,6,,4,3,4492.84,1986,53914.11,,,No
535,6,,1,4,,1999,27250.00,,,Yes
536,32,,10,7,15943.72,1973,,,,No
537,6,,1,3,3018.33,1989,36220.00,,,Yes
538,6,,0,4,,1996,53914.11,,,No
539,6,,1,4,,1998,61800.00,sales executive  -  sales,,No
540,6,,1,4,5228.33,1989,62740.00,sales executive  -  sales,,Yes
541,6,,1,3,,1989,43810.00,research scientist  -  research & development,,Yes
542,8,,1,6,8339.32,1988,,,,No
543,6,,1,1,,1988,25590.00,,,No
544,6,,1,2,4573.33,1990,54880.00,healthcare representative  -  research & development,,Yes
545,7,,1,7,2095.00,1994,25140.00,,,No
546,7,,1,1,2342.59,1994,28111.13,research scientist  -  research & development,,Yes
547,6,,1,3,4492.84,1989,53914.11,,,No
548,6,,3,3,2663.33,1995,31960.00,,,No
549,10,,7,7,,1979,28111.13,,,No
550,6,,0,1,4492.84,1992,53914.11,healthcare representative  -  research & development,,No
551,8,,2,2,2342.59,1997,28111.13,research scientist  -  research & development,,No
552,6,,1,2,2850.00,1976,34200.00,,,Yes
553,6,,1,3,2342.59,1986,28111.13,laboratory technician  -  research & development,,No
554,6,,1,2,3405.83,1991,,,,Yes
555,9,,1,6,4492.84,1991,53914.11,,,Yes
556,6,,1,2,,1990,53680.00,,,No
557,23,,14,10,,1976,129360.00,sales executive  -  sales,,Yes
558,6,,0,5,4492.84,1982,53914.11,,,No
559,5,,0,3,,1988,28111.13,laboratory technician  -  research & development,,No
560,5,,0,4,2342.59,1994,28111.13,,,No
561,10,,0,9,4492.84,1991,53914.11,,,Yes
562,6,,0,4,2342.59,1988,28111.13,,,No
563,6,,0,2,8339.32,1967,,,,Yes
564,5,,0,4,,1995,42210.00,,,Yes
565,6,,0,3,4492.84,1998,,,,Yes
566,5,,4,3,,1967,49630.00,,,Yes
567,5,,4,3,,1997,28111.13,research scientist  -  research & development,,No
568,5,,0,4,3500.00,1991,,,,No
569,5,,0,4,2342.59,1993,28111.13,,,Yes
570,5,,4,4,15943.72,1973,,,,No
571,5,,1,4,2342.59,1991,28111.13,,,No
572,5,,0,3,4171.67,1978,,,,No
573,5,,2,2,2342.59,1980,28111.13,,,Yes
574,10,,1,9,,1994,76390.00,,,Yes
575,5,,1,4,,1992,53914.11,manufacturing director  -  research & development,,Yes
576,5,,0,4,2342.59,1990,,,,No
577,5,,1,4,2342.59,1992,28111.13,,,Yes
578,5,,0,1,5418.33,1986,,,,Yes
579,10,,1,6,15943.72,1973,,research director  -  research & development,,No
580,20,,4,8,,1981,135250.00,,,Yes
581,5,,0,4,4492.84,1996,,,,Yes
582,5,,1,4,5290.83,1996,,,,Yes
583,5,,1,2,4492.84,1982,53914.11,,,Yes
584,5,4,0,3,2342.59,1986,28111.13,,,Yes
585,6,,1,0,,1983,63800.00,,,Yes
586,5,,1,2,12783.92,1968,153407.07,,,No
587,6,,0,4,,1997,31020.00,,,Yes
588,5,,1,3,4492.84,1983,53914.11,,,Yes
589,5,,1,3,,1998,53914.11,sales executive  -  sales,,No
590,5,,4,4,,1993,53914.11,,,Yes
591,5,,0,4,,1971,100071.84,,,No
592,5,,0,2,3796.67,1981,45560.00,,,No
593,5,,0,2,4492.84,1993,,,,Yes
594,5,,4,3,3525.00,1988,42300.00,,,No
595,5,,0,1,,1992,100071.84,,,Yes
596,5,,0,3,,1988,48590.00,sales executive  -  sales,,Yes
597,7,,0,6,2342.59,1998,28111.13,,,Yes
598,6,,0,5,,1991,63220.00,,,No
599,5,,1,3,4492.84,1976,53914.11,,,No
600,5,,0,3,,1993,28111.13,,,Yes
601,5,,0,2,8967.50,1978,107610.00,,,No
602,5,,0,3,2342.59,1987,,,,Yes
603,6,,0,2,2342.59,1992,28111.13,,,Yes
604,5,4,0,0,,1986,29730.00,,,No
605,5,,0,4,4336.67,1984,52040.00,,,No
606,5,,0,3,4492.84,1981,53914.11,,,Yes
607,8,,7,7,8339.32,1993,100071.84,,,No
608,5,,1,3,14499.17,1973,173990.00,,,Yes
609,6,,0,4,8339.32,1964,,manager  -  sales,,Yes
610,9,,7,0,8339.32,1969,100071.84,,,Yes
611,5,,0,3,,1967,28111.13,,,No
612,5,,2,1,,1975,168850.00,,,Yes
613,5,,0,3,4492.84,1984,53914.11,laboratory technician  -  research & development,,No
614,5,,1,4,,1988,43230.00,,,Yes
615,6,,1,5,4295.83,1981,51550.00,sales executive  -  sales,,No
616,6,,0,2,,1979,29360.00,,,No
617,5,,1,3,,1994,28111.13,,,No
618,5,,1,4,2342.59,1990,,,,Yes
619,5,,1,4,8339.32,1969,100071.84,,,No
620,11,,0,8,15657.50,1977,187890.00,manager  -  sales,,Yes
621,8,4,1,7,4492.84,1993,53914.11,,,Yes
622,10,,1,1,4069.17,1991,48830.00,,,Yes
623,5,,1,0,,1983,100071.84,,,Yes
624,5,,0,0,,1989,20290.00,,,Yes
625,5,,1,4,,1984,53914.11,sales executive  -  sales,,No
626,6,,1,3,2496.67,1986,29960.00,,,No
627,5,,1,2,4492.84,1990,53914.11,sales executive  -  sales,,Yes
628,6,,0,5,8339.32,1984,100071.84,healthcare representative  -  research & development,,No
629,5,,0,4,,1971,28111.13,,,Yes
630,5,,0,1,7731.67,1987,92780.00,,,Yes
631,10,,1,8,4492.84,1987,53914.11,,,Yes
632,5,,0,3,3468.33,1999,,,,Yes
633,5,,0,2,,1989,28111.13,,,No
634,5,,1,3,4492.84,1995,53914.11,sales executive  -  sales,,Yes
635,5,,0,2,2342.59,1990,28111.13,laboratory technician  -  research & development,,Yes
636,5,,1,2,4492.84,1976,53914.11,,,Yes
637,5,,1,0,2342.59,1983,28111.13,,,No
638,5,,0,3,2342.59,1978,28111.13,,,Yes
639,8,,7,1,,1983,53914.11,,,Yes
640,6,,1,3,7377.50,1994,88530.00,,,Yes
641,5,,1,2,4492.84,1983,53914.11,,,Yes
642,6,,0,2,,1980,48760.00,,,No
643,6,,1,1,,1993,21410.00,,,Yes
644,5,,0,2,6463.33,1985,,manufacturing director  -  research & development,,Yes
645,8,,7,7,,1986,39360.00,research scientist  -  research & development,,No
646,5,,1,0,4492.84,1984,53914.11,,,Yes
647,5,,0,4,,1987,68420.00,healthcare representative  -  research & development,,Yes
648,5,,1,2,3324.17,2000,39890.00,,,Yes
649,5,,1,4,,1988,49300.00,,,Yes
650,5,,1,4,,1992,53914.11,,,Yes
651,5,,0,4,3085.00,1985,,laboratory technician  -  research & development,,Yes
652,5,,0,3,2254.17,1988,27050.00,,,Yes
653,7,,7,7,3706.67,1983,44480.00,,,Yes
654,5,,0,2,,1996,23790.00,laboratory technician  -  research & development,,Yes
655,5,,1,4,4492.84,1982,,,,Yes
656,10,,0,9,,1990,54870.00,,,No
657,5,,4,3,15943.72,1974,,,,No
658,5,,0,2,,1987,28100.00,,,Yes
659,5,,0,4,7448.33,1982,89380.00,,,No
660,5,,0,4,2342.59,1994,28111.13,,,Yes
661,9,,1,7,8280.00,1992,99360.00,,,Yes
662,5,,0,3,2342.59,1987,28111.13,,,No
663,5,,1,4,,1980,28111.13,,,No
664,5,,1,3,4492.84,1990,53914.11,,,No
665,4,,1,3,,1979,54540.00,sales executive  -  sales,,No
666,10,,9,9,,1985,53914.11,,,Yes
667,27,,13,8,15616.67,1973,,,,No
668,4,,1,3,4560.83,1964,54730.00,,,No
669,22,,11,11,11252.50,1983,135030.00,,,No
670,4,,0,3,11290.83,1969,135490.00,,,No
671,8,,0,7,,1973,181720.00,,,Yes
672,5,,4,4,,1969,153407.07,,,Yes
673,5,,1,2,2311.67,1999,27740.00,,,Yes
674,5,,1,3,8339.32,1986,100071.84,,,Yes
675,5,,1,2,,1993,28111.13,,,Yes
676,4,,1,2,2342.59,1989,28111.13,,,No
677,5,,1,4,7865.83,1966,94390.00,healthcare representative  -  research & development,,Yes
678,8,,0,7,4492.84,1985,,,,No
679,4,,0,2,2342.59,1982,28111.13,,,Yes
680,5,,0,2,4387.50,1981,52650.00,,,No
681,5,,2,0,3179.17,1989,38150.00,,,Yes
682,6,,0,1,,1993,53914.11,,,Yes
683,4,,0,1,1990.83,1994,23890.00,,,Yes
684,4,,1,2,,1991,28111.13,,,No
685,6,,1,5,3333.33,1998,,,,Yes
686,5,,1,3,14653.33,1970,175840.00,,,Yes
687,5,,3,3,,1997,53914.11,healthcare representative  -  research & development,,Yes
688,5,,0,2,2342.59,1995,,,,Yes
689,8,,0,7,4717.50,1995,,,,Yes
690,5,,1,2,4492.84,1965,53914.11,healthcare representative  -  research & development,,Yes
691,4,,1,2,,1996,28111.13,,,Yes
692,4,,0,3,4057.50,1969,48690.00,,,No
693,4,,0,2,4492.84,1983,,,,Yes
694,4,,0,2,3874.17,1994,46490.00,,,Yes
695,4,,1,3,8746.67,1973,104960.00,,,No
696,5,,1,4,2342.59,1999,28111.13,,,Yes
697,5,,1,4,,1993,28111.13,laboratory technician  -  research & development,,No
698,7,,5,7,,1989,27680.00,,,Yes
699,4,,1,3,2840.00,1990,34080.00,,,No
700,10,,9,7,8339.32,1987,100071.84,,,Yes
701,14,,1,10,,1982,53914.11,sales executive  -  sales,,Yes
702,8,,0,7,,1984,37550.00,,,Yes
703,5,,1,4,4492.84,1997,,,,Yes
704,6,,1,2,2342.59,1999,28111.13,laboratory technician  -  research & development,,Yes
705,5,,0,3,,1996,21870.00,research scientist  -  research & development,,Yes
706,4,,0,2,2342.59,1996,28111.13,,,Yes
707,4,,1,3,,1973,53914.11,sales executive  -  sales,,No
708,4,,0,2,2342.59,2000,28111.13,,,Yes
709,8,,3,6,4492.84,1984,53914.11,,,No
710,4,,1,2,3548.33,1971,42580.00,,,Yes
711,4,,1,2,,1997,53260.00,,,Yes
712,5,,1,4,4570.83,1969,,,,Yes
713,5,,4,3,2318.33,1986,27820.00,,,No
714,4,,0,3,,1973,176390.00,research director  -  research & development,,No
715,4,,0,2,,1981,60620.00,,,No
716,4,,1,2,5240.00,1985,62880.00,healthcare representative  -  research & development,,No
717,4,,0,1,,1998,34240.00,,,No
718,5,,1,3,4492.84,1991,53914.11,,,Yes
719,5,,0,3,3495.00,1998,41940.00,,,Yes
720,5,,1,3,4492.84,1981,,,,Yes
721,4,,0,3,2342.59,1990,28111.13,,,No
722,4,,0,3,2110.00,1994,25320.00,,,No
723,5,,1,3,,1985,56660.00,,,Yes
724,5,,0,2,2342.59,1978,,laboratory technician  -  research & development,,No
725,4,,0,3,4492.84,1992,53914.11,,,No
726,4,,1,1,2342.59,2001,28111.13,laboratory technician  -  research & development,,Yes
727,5,,4,3,11438.33,1964,137260.00,,,No
728,9,,1,1,12783.92,1978,,manager  -  sales,,No
729,6,,0,4,,1978,28111.13,,,Yes
730,4,,0,1,3422.50,1986,41070.00,,,Yes
731,5,,1,3,2342.59,1997,28111.13,,,No
732,5,,1,3,2342.59,1997,28111.13,,,Yes
733,5,,0,4,2342.59,1995,28111.13,,,Yes
734,4,,1,2,2997.50,1999,35970.00,,,No
735,10,,1,4,4492.84,1993,53914.11,,,No
736,4,,1,3,,1980,53914.11,,,Yes
737,4,,0,3,3429.17,1993,41150.00,,,No
738,6,,1,4,,1977,53914.11,,,Yes
739,4,,0,3,5226.67,1981,62720.00,human resources  -  human resources,,Yes
740,4,,1,1,4492.84,1998,53914.11,,,No
741,5,,0,3,,1996,25170.00,,,Yes
742,7,,7,7,15943.72,1967,191324.62,,,No
743,9,,1,7,,1982,53914.11,sales executive  -  sales,,Yes
744,5,,0,4,4492.84,1995,53914.11,,,Yes
745,5,,0,2,12783.92,1971,153407.07,,,Yes
746,4,,1,1,,1997,39040.00,,,Yes
747,4,3,1,3,,1974,53914.11,,,Yes
748,4,,1,3,2342.59,1989,28111.13,,,Yes
749,4,,0,3,7670.00,1991,92040.00,,,Yes
750,4,,0,3,3644.17,1990,43730.00,,,No
751,5,,0,0,4492.84,1994,,sales executive  -  sales,,No
752,5,,1,3,1720.00,1993,20640.00,,,No
753,4,,1,2,4492.84,2000,53914.11,laboratory technician  -  research & development,,No
754,5,,0,2,,1990,53914.11,,,Yes
755,5,,4,2,2025.00,1988,24300.00,,,Yes
756,6,,1,2,4492.84,1985,53914.11,,,Yes
757,5,,0,0,4064.17,1995,48770.00,,,Yes
758,4,3,0,2,,1986,53914.11,,,No
759,6,,1,3,3133.33,1999,37600.00,research scientist  -  research & development,,No
760,4,,1,3,1677.50,1987,,,,Yes
761,4,,3,3,2342.59,1985,28111.13,,,No
762,4,,1,2,8339.32,1970,,,,No
763,6,,1,3,,1986,53914.11,,,Yes
764,5,,0,4,2342.59,1999,28111.13,research scientist  -  research & development,,Yes
765,5,,1,2,,1994,29740.00,,,No
766,4,,0,2,8339.32,1991,100071.84,,,No
767,5,,0,4,2305.00,1981,27660.00,,,Yes
768,5,,0,4,2342.59,1982,28111.13,,,Yes
769,5,,2,3,,1979,28111.13,,,Yes
770,5,,0,3,2342.59,1995,28111.13,,,Yes
771,4,,2,2,8339.32,1984,100071.84,research director  -  research & development,,Yes
772,4,,0,2,,1983,33770.00,,,Yes
773,10,,0,8,,1986,42130.00,,,Yes
774,5,,0,3,5427.50,1983,65130.00,,,Yes
775,5,,1,2,4492.84,1997,,sales executive  -  sales,,No
776,6,,3,3,2342.59,1981,28111.13,,,No
777,5,,1,0,8339.32,1989,100071.84,,,Yes
778,5,,0,4,,1986,42840.00,,,Yes
779,5,,1,2,1855.00,1996,22260.00,,,No
780,5,,0,4,4634.17,1988,55610.00,,,Yes
781,5,,1,4,1786.67,1995,,,,Yes
782,5,,0,2,4477.50,1994,53730.00,,,No
783,4,,2,3,2414.17,1969,28970.00,research scientist  -  research & development,,No
784,4,,1,2,4492.84,1999,,,,Yes
785,8,,7,7,4434.17,1985,,,,No
786,4,,1,2,,1981,54100.00,,,Yes
787,5,,1,0,,1982,27820.00,,,Yes
788,5,,0,4,4492.84,1998,53914.11,,,Yes
789,4,,1,2,,1979,28111.13,,,Yes
790,6,,0,1,4492.84,1973,53914.11,,,Yes
791,6,,0,0,4492.84,1987,53914.11,sales executive  -  sales,,No
792,5,,0,1,,1978,48500.00,,,Yes
793,5,,0,2,1667.50,1983,,,,Yes
794,4,,1,1,2342.59,1988,28111.13,,,Yes
795,4,,0,3,4492.84,1994,53914.11,,,No
796,4,,1,2,3670.00,1989,,,,Yes
797,2,,2,2,2342.59,1996,28111.13,,,No
798,5,,4,3,,1992,28111.13,research scientist  -  research & development,,Yes
799,2,,1,2,2342.59,1989,,,,Yes
800,4,,0,3,,1995,28111.13,laboratory technician  -  research & development,,Yes
801,6,,0,5,2342.59,1991,28111.13,,,Yes
802,3,,1,2,3286.67,1985,39440.00,research scientist  -  research & development,,Yes
803,4,,1,3,,1999,53914.11,,,Yes
804,4,,1,3,,1989,29600.00,,,Yes
805,10,,6,7,,1991,28111.13,research scientist  -  research & development,,No
806,2,,2,1,15789.17,1977,189470.00,,,No
807,4,,1,3,,1979,64650.00,,,No
808,3,,0,2,,1973,26830.00,,,Yes
809,2,,2,2,1678.33,1988,20140.00,,,Yes
810,2,,2,2,,1995,34410.00,,,Yes
811,2,,0,0,4492.84,1997,53914.11,,,No
812,2,,2,2,,1988,28111.13,,,No
813,3,,1,2,2342.59,1988,,,,Yes
814,5,,0,2,11386.67,1986,136640.00,,,Yes
815,4,,0,2,4184.17,1977,50210.00,,,Yes
816,5,,1,3,4492.84,1989,53914.11,,,Yes
817,4,,0,3,,1972,28111.13,,,Yes
818,3,,0,2,4492.84,1999,53914.11,sales executive  -  sales,,Yes
819,3,,1,2,4492.84,1979,53914.11,,,Yes
820,3,,0,2,2342.59,1986,28111.13,,,Yes
821,3,,2,2,,1964,188440.00,,,No
822,2,,2,1,2342.59,1998,28111.13,,,Yes
823,3,,1,2,3949.17,1980,,,,Yes
824,2,,2,1,8339.32,1973,100071.84,,,No
825,2,,2,2,4492.84,1992,53914.11,,,Yes
826,3,,0,1,,1987,53914.11,manufacturing director  -  research & development,,No
827,4,,0,3,,1972,106500.00,,,No
828,2,,2,2,,1998,53914.11,sales executive  -  sales,,No
829,3,,2,2,3597.50,1985,43170.00,,,No
830,3,,2,2,2342.59,1993,28111.13,research scientist  -  research & development,,Yes
831,2,,2,2,2342.59,2001,,,,Yes
832,2,,2,2,1686.67,1996,20240.00,research scientist  -  research & development,,Yes
833,5,,0,2,2342.59,1995,28111.13,research scientist  -  research & development,,Yes
834,5,,1,1,,1996,30580.00,,,Yes
835,2,,2,2,2342.59,1967,28111.13,,,Yes
836,2,,2,1,,1985,28111.13,,,Yes
837,4,,0,2,3274.17,1992,39290.00,,,Yes
838,3,,1,2,2342.59,1989,,,,Yes
839,3,,0,2,2342.59,1973,28111.13,laboratory technician  -  research & development,,No
840,4,2,1,3,4492.84,1970,,,,No
841,6,,1,2,3687.50,1988,44250.00,,,Yes
842,2,,2,0,4492.84,1996,53914.11,,,No
843,7,,3,7,4492.84,1983,53914.11,,,Yes
844,4,,2,2,1940.00,2001,23280.00,,,No
845,3,,0,2,4492.84,1983,53914.11,,,Yes
846,4,,0,3,8339.32,1977,,,,Yes
847,5,,0,4,2214.17,1993,,,,Yes
848,6,,1,5,2342.59,1994,28111.13,,,No
849,6,,0,5,,1969,59400.00,,,No
850,3,,1,1,2185.00,1990,26220.00,research scientist  -  research & development,,Yes
851,2,,2,2,2676.67,1971,32120.00,,,Yes
852,2,,2,2,2342.59,1964,28111.13,human resources  -  human resources,,No
853,3,,1,2,2342.59,1991,,,,Yes
854,3,,1,2,2342.59,1984,28111.13,,,No
855,3,,2,2,4492.84,1991,53914.11,,,Yes
856,2,,2,2,8339.32,1992,100071.84,,,Yes
857,2,,0,2,2425.83,1990,29110.00,,,Yes
858,3,,0,2,4492.84,1978,,,,Yes
859,3,,0,2,,1981,53914.11,research scientist  -  research & development,,Yes
860,3,,0,2,,1994,69310.00,,,No
861,4,,1,2,4492.84,1998,53914.11,,,No
862,6,,0,4,1813.33,1991,21760.00,,,No
863,5,,0,4,,1995,28111.13,,,Yes
864,3,,1,0,,2002,32300.00,,,No
865,5,,0,2,8339.32,1986,100071.84,,,No
866,2,,1,2,4492.84,1985,53914.11,,,No
867,3,,0,2,2342.59,1997,28111.13,,,No
868,3,,1,2,15554.17,1974,186650.00,,,Yes
869,2,,2,2,,1992,27890.00,sales representative  -  sales,,Yes
870,4,,1,2,2342.59,1986,28111.13,,,No
871,5,,0,3,2342.59,1992,28111.13,research scientist  -  research & development,,Yes
872,2,,1,0,5341.67,1992,64100.00,,,No
873,2,,2,2,2342.59,1992,28111.13,research scientist  -  research & development,,Yes
874,8,,7,7,4117.50,1971,49410.00,,,No
875,3,,2,2,2342.59,1995,,,,Yes
876,3,,1,1,,1976,191324.62,,,No
877,3,,2,2,3319.17,1994,39830.00,,,Yes
878,6,,0,4,5289.17,1986,,,,Yes
879,4,,0,2,2420.00,2000,29040.00,,,No
880,3,,1,0,2246.67,1981,,human resources  -  human resources,,No
881,2,,2,2,4492.84,1993,,sales executive  -  sales,,No
882,3,,1,2,,2002,21740.00,,,Yes
883,3,,1,2,5629.17,1966,,,,Yes
884,3,2,2,2,2342.59,2002,28111.13,,,Yes
885,2,,2,2,2214.17,1992,26570.00,,,Yes
886,3,,1,2,2342.59,1994,28111.13,research scientist  -  research & development,,No
887,5,,0,4,2342.59,1996,28111.13,,,Yes
888,5,,0,0,9137.50,1974,109650.00,,,Yes
889,2,,2,2,,1987,25430.00,,,Yes
890,5,,0,4,4420.00,1989,53040.00,,,Yes
891,5,,0,3,4492.84,1999,53914.11,,,Yes
892,5,,1,2,,1981,28111.13,,,Yes
893,4,,1,2,16171.67,1969,194060.00,,,No
894,3,,1,2,5448.33,1989,65380.00,,,Yes
895,3,,1,2,1881.67,1980,,,,Yes
896,5,,0,2,4492.84,1980,53914.11,,,Yes
897,4,,3,2,,1992,22180.00,,,No
898,2,,0,2,2342.59,1998,28111.13,,,Yes
899,2,,0,2,2211.67,1978,26540.00,,,Yes
900,5,,1,4,12783.92,1971,153407.07,,,No
901,2,,1,0,,1989,28111.13,,,Yes
902,3,,0,2,2342.59,1997,28111.13,,,Yes
903,10,,0,7,9945.83,1994,119350.00,,,Yes
904,2,,1,1,,1994,25460.00,,,No
905,3,,0,1,,1977,178610.00,,,No
906,3,,1,2,8339.32,1977,,,,No
907,3,,1,2,,1993,28111.13,sales representative  -  sales,,Yes
908,3,,0,2,,1989,100071.84,human resources  -  human resources,,No
909,2,,2,0,2342.59,1981,28111.13,,,Yes
910,2,,1,2,3245.00,2001,38940.00,laboratory technician  -  research & development,,Yes
911,3,2,1,2,,1994,42620.00,,,Yes
912,2,,1,2,,1977,105270.00,healthcare representative  -  research & development,,Yes
913,4,,1,2,,1991,53914.11,sales executive  -  sales,,Yes
914,2,,2,1,2000.00,1999,,,,No
915,3,,0,2,,1988,36810.00,,,No
916,10,,2,2,4492.84,1981,53914.11,,,Yes
917,3,,0,2,,1975,153407.07,,,Yes
918,2,2,0,2,4492.84,1979,53914.11,,,Yes
919,8,,0,6,2342.59,1989,28111.13,sales representative  -  sales,,Yes
920,3,,1,2,2872.50,2002,34470.00,,,Yes
921,2,,0,1,16260.83,1979,,,,Yes
922,2,,2,2,2342.59,2001,28111.13,,,Yes
923,3,,0,2,2215.83,1997,,,,No
924,3,,0,2,7372.50,1987,88470.00,,,Yes
925,4,,1,1,,1996,20450.00,,,Yes
926,3,,0,2,2342.59,2000,28111.13,,,No
927,3,,1,2,4042.50,1998,48510.00,,,No
928,2,,2,2,,1975,81200.00,,,Yes
929,2,,2,0,3814.17,1999,45770.00,,,Yes
930,2,,2,2,,1963,54050.00,,,No
931,2,,2,2,2342.59,1973,28111.13,,,Yes
932,5,,1,4,,1979,37080.00,,,No
933,22,,11,13,11475.00,1976,137700.00,,,Yes
934,2,,2,2,2342.59,1981,28111.13,,,Yes
935,2,,2,2,4492.84,1980,53914.11,,,Yes
936,4,,2,3,2342.59,1983,28111.13,,,No
937,2,,2,2,1914.17,1994,,sales representative  -  sales,,No
938,2,,2,2,2041.67,1970,24500.00,,,No
939,2,,0,2,2342.59,2000,28111.13,research scientist  -  research & development,,No
940,5,,1,4,15943.72,1968,,,,No
941,2,,2,0,2342.59,1997,28111.13,,,Yes
942,4,,1,3,2342.59,1989,,,,No
943,4,,1,1,3618.33,1996,43420.00,,,Yes
944,3,,0,2,2143.33,1988,,,,Yes
945,2,,0,2,2342.59,1993,28111.13,,,Yes
946,3,,1,2,5416.67,1989,,,,Yes
947,5,,1,4,2624.17,1971,31490.00,laboratory technician  -  research & development,,Yes
948,3,,0,2,4436.67,1990,53240.00,,,No
949,2,,2,2,,1988,28111.13,research scientist  -  research & development,,No
950,2,,2,1,3651.67,1995,43820.00,,,Yes
951,5,,0,4,2342.59,1987,28111.13,,,Yes
952,5,,1,3,2127.50,1989,25530.00,research scientist  -  research & development,,Yes
953,3,,0,2,2342.59,1989,,,,No
954,5,,2,3,4944.17,1979,59330.00,,,Yes
955,5,,0,3,,1991,44030.00,,,Yes
956,5,,0,4,9111.67,1970,109340.00,,,No
957,2,,2,2,4492.84,2001,53914.11,,,No
958,3,,0,2,2342.59,1979,28111.13,,,No
959,10,,7,8,1685.00,1988,20220.00,,,Yes
960,5,,0,3,3546.67,1998,42560.00,,,No
961,4,,0,2,2983.33,1974,,,,No
962,5,,3,4,2342.59,1999,28111.13,,,No
963,2,,1,2,2415.83,1985,28990.00,sales representative  -  sales,,Yes
964,3,,0,2,2342.59,1994,28111.13,,,No
965,5,,2,2,4635.00,1980,,,,Yes
966,4,,0,2,,1995,53914.11,,,No
967,2,,0,2,2342.59,2003,28111.13,,,Yes
968,3,,1,2,2342.59,1976,,,,Yes
969,3,,0,2,4492.84,2001,53914.11,,,Yes
970,2,,2,2,1980.83,1995,23770.00,,,Yes
971,2,,2,2,,1984,24040.00,laboratory technician  -  research & development,,Yes
972,3,,0,2,2332.50,1990,27990.00,research scientist  -  research & development,,No
973,6,,0,1,2342.59,1987,28111.13,research scientist  -  research & development,,Yes
974,5,,1,0,4492.84,1988,,,,Yes
975,3,,1,2,,1992,28111.13,,,No
976,3,,0,2,2876.67,1990,34520.00,,,No
977,2,,2,2,2342.50,1996,28110.00,,,No
978,5,,0,1,,1993,28111.13,,,Yes
979,4,,3,2,3647.50,1999,43770.00,,,No
980,4,,0,2,2342.59,1988,28111.13,laboratory technician  -  research & development,,No
981,3,,1,2,2342.59,1993,28111.13,,,Yes
982,2,,2,2,3533.33,1975,,healthcare representative  -  research & development,,Yes
983,2,,2,1,4492.84,1982,,,,No
984,3,,2,2,3522.50,1996,42270.00,manufacturing director  -  research & development,,Yes
985,3,,1,2,3264.17,1988,39170.00,laboratory technician  -  research & development,,No
986,2,,2,2,,1997,49690.00,,,Yes
987,2,,2,2,,1990,28111.13,sales representative  -  sales,,No
988,3,,1,2,1701.67,1997,20420.00,,,Yes
989,2,,2,2,2350.83,1985,,,,No
990,2,,2,2,,1977,191324.62,,,Yes
991,2,,0,2,2342.59,2003,28111.13,,,Yes
992,6,,0,2,8297.50,1993,,,,No
993,3,,1,2,2342.59,1996,28111.13,,,No
994,3,,1,2,,1968,100071.84,,,Yes
995,3,,1,2,8339.32,1990,100071.84,,,Yes
996,4,,2,2,1839.17,1995,22070.00,,,Yes
997,6,,0,4,6463.33,1989,,,,Yes
998,2,,2,2,2342.59,1990,28111.13,,,No
999,3,,0,2,4492.84,1990,53914.11,,,No
1000,2,,2,2,,2002,20700.00,,,Yes
1001,2,,2,2,,1992,27910.00,,,Yes
1002,5,,0,2,4492.84,1988,,,,Yes
1003,3,,0,2,4492.84,1989,,,,Yes
1004,5,,0,3,,1990,82240.00,,,No
1005,2,,2,2,,1992,26100.00,laboratory technician  -  research & development,,Yes
1006,6,,1,3,4775.83,1986,57310.00,,,Yes
1007,4,2,2,2,,1996,25390.00,,,Yes
1008,2,,2,2,,1988,23760.00,,,Yes
1009,5,,4,2,15943.72,1967,191324.62,,,Yes
1010,3,,0,2,2342.59,1978,28111.13,research scientist  -  research & development,,Yes
1011,2,,1,2,2342.59,2003,28111.13,,,Yes
1012,2,,2,2,12783.92,1973,153407.07,,,Yes
1013,4,,0,3,,1977,190810.00,,,Yes
1014,2,,2,2,,1991,27430.00,,,Yes
1015,13,,4,12,8339.32,1988,100071.84,,,No
1016,3,,1,2,3133.33,1994,37600.00,,,Yes
1017,2,,2,2,2342.59,2002,,,,Yes
1018,3,,0,2,3781.67,1989,45380.00,,,Yes
1019,4,,0,2,2342.59,1995,28111.13,,,No
1020,3,,2,2,2342.59,1988,28111.13,,,No
1021,2,,2,2,,1995,38670.00,,,No
1022,3,,1,2,1733.33,1995,20800.00,,,No
1023,2,,2,1,,1998,20960.00,research scientist  -  research & development,,No
1024,2,,2,2,2342.59,1965,28111.13,,,Yes
1025,5,,0,3,3253.33,1984,39040.00,,,No
1026,9,,6,7,3855.83,1993,46270.00,,,Yes
1027,3,,1,2,12783.92,1973,153407.07,,,Yes
1028,19,,11,9,,1982,53914.11,,,Yes
1029,3,,2,2,1918.33,1992,23020.00,,,No
1030,3,,1,2,2342.59,1979,,,,Yes
1031,4,,0,0,2342.59,1983,,research scientist  -  research & development,,Yes
1032,3,,1,2,2342.59,1998,28111.13,laboratory technician  -  research & development,,No
1033,4,,0,3,2342.59,1983,28111.13,,,Yes
1034,5,,0,3,12783.92,1972,153407.07,,,Yes
1035,6,,0,0,,1996,50710.00,,,No
1036,4,,3,2,4492.84,1988,53914.11,,,Yes
1037,4,,0,3,2342.59,1985,28111.13,,,Yes
1038,10,,6,7,,1992,53914.11,,,Yes
1039,4,,3,2,8830.00,1972,,,,Yes
1040,6,,3,3,4555.83,1982,54670.00,,,No
1041,3,,1,2,,1991,53914.11,,,Yes
1042,3,,1,2,4492.84,1998,,,,No
1043,6,2,4,4,4807.50,1996,57690.00,,,Yes
1044,8,,7,7,1995.00,1996,23940.00,,,Yes
1045,3,,0,2,,1986,36290.00,,,Yes
1046,2,,2,2,,1988,93620.00,,,Yes
1047,3,,0,2,2690.83,1998,32290.00,,,Yes
1048,3,,0,2,,1993,53914.11,,,Yes
1049,3,,1,0,13685.00,1992,164220.00,research director  -  research & development,,Yes
1050,3,,0,2,4705.83,1987,,,,No
1051,3,,2,2,,1998,44000.00,,,Yes
1052,3,,1,0,1721.67,1967,20660.00,,,Yes
1053,4,,0,3,2342.59,1982,28111.13,,,Yes
1054,3,,0,2,,1992,28111.13,,,Yes
1055,2,2,2,2,,1992,28111.13,laboratory technician  -  research & development,,Yes
1056,2,,2,2,4571.67,1975,,sales executive  -  sales,,No
1057,2,,2,2,2342.59,1989,,,,No
1058,5,,0,3,2635.00,1979,,,,No
1059,3,,1,2,5542.50,1974,66510.00,healthcare representative  -  research & development,,Yes
1060,5,,1,3,2850.00,1979,34200.00,,,No
1061,3,,1,2,2424.17,1995,29090.00,,,No
1062,2,,2,2,8339.32,1979,,manufacturing director  -  research & development,,Yes
1063,3,,1,2,4492.84,1968,53914.11,,,Yes
1064,4,,1,3,4081.67,1995,48980.00,,,Yes
1065,3,,1,2,,1974,53914.11,,,Yes
1066,3,,0,2,2650.00,1994,31800.00,,,No
1067,5,,0,0,,1991,112440.00,,,Yes
1068,7,,7,7,,1992,28111.13,,,Yes
1069,2,,2,2,3390.83,1983,,,,No
1070,3,,1,2,2342.59,1987,28111.13,,,No
1071,2,,2,2,5326.67,1990,63920.00,,,No
1072,4,,1,3,8339.32,1993,,sales executive  -  sales,,Yes
1073,5,,1,4,4045.83,1985,,,,No
1074,8,,7,6,2342.59,1975,28111.13,research scientist  -  research & development,,Yes
1075,2,,2,1,4492.84,1989,53914.11,research scientist  -  research & development,,Yes
1076,3,,1,2,4492.84,1985,53914.11,,,No
1077,5,,0,4,4492.84,1988,53914.11,,,Yes
1078,2,,2,2,2342.59,2000,,,,Yes
1079,3,,0,2,,1987,53914.11,,,No
1080,8,,7,7,,1989,53914.11,,,No
1081,4,,1,3,2342.59,2001,,,,Yes
1082,3,,0,2,2760.00,1991,33120.00,,,Yes
1083,5,,0,3,4492.84,1992,,,,No
1084,3,,1,1,4492.84,1987,53914.11,,,Yes
1085,2,,2,2,,2002,31170.00,,,No
1086,5,,1,0,15943.72,1976,191324.62,,,No
1087,9,,3,8,4492.84,1984,53914.11,,,Yes
1088,4,,3,3,8339.32,1983,100071.84,,,Yes
1089,2,,2,2,,1975,152020.00,,,Yes
1090,2,,2,2,,1988,53914.11,,,No
1091,3,,0,2,2342.59,1996,28111.13,research scientist  -  research & development,,No
1092,4,,1,2,2150.00,1996,25800.00,,,Yes
1093,4,,0,3,1805.00,1983,21660.00,,,Yes
1094,5,,1,4,4492.84,1994,53914.11,,,Yes
1095,3,,0,2,,1987,100071.84,,,Yes
1096,4,,1,2,12783.92,1974,153407.07,,,Yes
1097,2,,2,2,2342.59,2003,28111.13,,,Yes
1098,3,,1,2,3645.00,1987,43740.00,manufacturing director  -  research & development,,Yes
1099,6,,0,4,4587.50,1990,55050.00,,,Yes
1100,2,,2,2,2155.83,1974,,,,Yes
1101,3,,1,2,13310.00,1976,159720.00,,,Yes
1102,2,,0,2,2342.59,2003,,,,Yes
1103,3,,0,2,,1987,53914.11,,,No
1104,2,,2,2,,1979,28111.13,human resources  -  human resources,,No
1105,4,,1,2,2342.59,1968,28111.13,,,Yes
1106,3,,0,2,2342.59,2000,28111.13,,,No
1107,3,,0,2,,1997,23050.00,,,Yes
1108,5,,1,3,2860.83,1991,,,,Yes
1109,5,,0,3,2897.50,1992,34770.00,,,No
1110,3,,1,2,4492.84,1982,,human resources  -  human resources,,No
1111,6,,1,2,3255.83,1999,39070.00,,,Yes
1112,2,,2,2,4492.84,1987,53914.11,,,Yes
1113,3,2,1,2,2342.59,2000,28111.13,,,No
1114,2,,2,1,2342.59,1999,28111.13,,,No
1115,4,,1,2,2342.59,1993,,,,No
1116,5,,0,2,4492.84,1992,,,,Yes
1117,6,,1,4,2870.83,1996,34450.00,,,No
1118,2,,2,2,2300.00,1994,27600.00,,,Yes
1119,3,,0,2,5245.00,1994,62940.00,,,No
1120,3,,0,2,,1970,153407.07,,,Yes
1121,2,,2,2,4492.84,1989,,,,Yes
1122,2,2,2,2,10930.00,1972,,,,Yes
1123,5,,0,3,4492.84,1986,53914.11,sales executive  -  sales,,No
1124,2,,2,2,,1977,53914.11,,,No
1125,3,,1,2,2342.59,1980,,research scientist  -  research & development,,Yes
1126,3,,1,2,4492.84,1982,53914.11,,,No
1127,3,,2,2,8339.32,1992,100071.84,,,No
1128,3,,1,2,2992.50,1995,,,,No
1129,4,,0,3,4504.17,1985,54050.00,sales representative  -  sales,,Yes
1130,2,,2,2,12783.92,1965,153407.07,research director  -  research & development,,Yes
1131,2,,2,0,2342.59,1994,28111.13,,,No
1132,2,,2,0,1754.17,1976,21050.00,,,No
1133,3,,2,2,,1995,28111.13,,,Yes
1134,2,,2,2,4492.84,1991,53914.11,sales executive  -  sales,,Yes
1135,2,,2,2,3251.67,1984,39020.00,,,Yes
1136,5,,0,4,2218.33,1968,,,,No
1137,3,,1,2,,1994,20620.00,,,Yes
1138,3,,0,2,,1988,53914.11,,,No
1139,5,,3,0,,1989,28111.13,,,Yes
1140,4,,1,0,2155.83,1967,25870.00,,,Yes
1141,4,,1,3,4589.17,1987,55070.00,,,Yes
1142,5,,1,4,4492.84,1992,53914.11,,,No
1143,4,,0,1,6752.50,1989,81030.00,,,Yes
1144,2,,2,2,3315.00,1992,39780.00,,,No
1145,4,,0,3,4499.17,1978,53990.00,,,Yes
1146,3,,1,2,4492.84,1984,53914.11,,,No
1147,5,,0,3,2342.59,1985,28111.13,,,No
1148,4,,2,3,2342.59,1992,28111.13,,,Yes
1149,2,,2,2,8706.67,1970,,,,Yes
1150,6,,1,2,2342.59,1985,28111.13,human resources  -  human resources,,No
1151,5,,1,4,3700.00,1969,44400.00,,,No
1152,5,,1,4,2342.59,2000,28111.13,,,Yes
1153,2,,0,2,2342.59,1998,28111.13,,,Yes
1154,2,,1,2,2342.59,1992,28111.13,,,Yes
1155,2,,2,2,2216.67,1988,26600.00,,,Yes
1156,3,,1,2,2812.50,2001,33750.00,research scientist  -  research & development,,Yes
1157,6,,4,1,2342.59,1991,28111.13,,,No
1158,2,,2,2,1890.83,1991,22690.00,,,Yes
1159,2,,1,2,2342.59,2002,28111.13,sales representative  -  sales,,Yes
1160,4,,0,2,,1987,53914.11,,,Yes
1161,2,,2,2,,1994,47870.00,,,Yes
1162,4,,1,2,,1991,28111.13,,,Yes
1163,2,,2,2,2340.83,1983,28090.00,,,Yes
1164,10,,0,2,4492.84,1988,53914.11,,,No
1165,3,,2,0,9045.00,1973,,sales executive  -  sales,,Yes
1166,4,,0,0,2342.59,1997,28111.13,,,Yes
1167,5,,0,3,2142.50,1987,25710.00,,,No
1168,6,,0,3,,1996,61420.00,,,No
1169,1,1,0,0,,1990,24960.00,,,No
1170,1,,0,0,2849.17,1987,34190.00,,,Yes
1171,1,,1,0,2084.17,1992,25010.00,research scientist  -  research & development,,Yes
1172,2,,2,1,,2001,28111.13,laboratory technician  -  research & development,,Yes
1173,1,,0,1,2138.33,1996,,,,Yes
1174,3,,0,2,2342.59,1990,28111.13,,,Yes
1175,8,,1,7,,1987,28111.13,,,Yes
1176,3,,0,2,3266.67,1986,39200.00,,,Yes
1177,5,,0,3,2342.59,1991,28111.13,,,Yes
1178,4,,1,2,,1972,53914.11,,,Yes
1179,7,,0,7,11636.67,1974,,,,Yes
1180,1,,0,0,5450.00,1988,65400.00,,,Yes
1181,2,,1,2,1870.00,2001,,,,No
1182,6,1,0,5,13486.67,1990,161840.00,,,No
1183,3,,1,2,3527.50,1992,,sales executive  -  sales,,No
1184,1,,0,0,,1978,53914.11,,,Yes
1185,5,,1,3,12345.00,1970,,,,Yes
1186,5,,4,3,4492.84,1989,53914.11,,,Yes
1187,4,,1,0,,1980,171590.00,,,No
1188,5,,0,4,2342.59,1995,,,,Yes
1189,2,,2,2,2342.59,1981,28111.13,research scientist  -  research & development,,Yes
1190,1,,0,0,1931.67,1996,,,,Yes
1191,1,,0,0,,1983,36170.00,,,Yes
1192,14,,11,7,8339.32,1986,100071.84,,,Yes
1193,3,,0,2,2342.59,1994,28111.13,,,No
1194,2,,0,2,,1985,26840.00,research scientist  -  research & development,,No
1195,15,,0,9,4492.84,1989,53914.11,,,Yes
1196,1,,0,0,2342.59,1989,28111.13,,,No
1197,8,,7,7,16030.83,1973,192370.00,,,No
1198,1,,0,0,1980.83,1997,23770.00,,,No
1199,3,,0,2,2342.59,1995,,research scientist  -  research & development,,No
1200,1,,0,0,,1995,28111.13,,,Yes
1201,1,,0,0,,1983,44220.00,,,Yes
1202,1,,0,0,2126.67,2004,,,,No
1203,2,,2,2,2231.67,2003,26780.00,,,Yes
1204,5,,1,3,,1983,53914.11,,,No
1205,1,1,0,0,,2004,28111.13,,,Yes
1206,6,,0,5,,1964,51710.00,,,No
1207,9,,0,8,,1993,119160.00,manager  -  research & development,,No
1208,3,,1,2,,1978,93800.00,,,Yes
1209,3,,1,2,2342.59,1983,,,,No
1210,2,,2,2,4492.84,1993,,,,No
1211,1,,0,0,,1999,28111.13,laboratory technician  -  research & development,,No
1212,7,,2,5,4898.33,1991,,,,Yes
1213,1,,0,0,2342.59,1995,28111.13,,,No
1214,5,,0,4,,1974,53914.11,sales executive  -  sales,,Yes
1215,6,,0,5,,1985,24680.00,laboratory technician  -  research & development,,No
1216,2,,2,2,15943.72,1977,191324.62,,,Yes
1217,7,,0,7,,1989,53914.11,,,No
1218,2,,2,2,3439.17,1984,41270.00,,,No
1219,5,,1,4,1790.00,1997,21480.00,human resources  -  human resources,,Yes
1220,7,,1,7,4492.84,1969,,,,No
1221,10,,0,8,,1987,38860.00,,,Yes
1222,4,,0,3,2342.59,1991,28111.13,research scientist  -  research & development,,No
1223,5,,1,2,5555.83,1991,,,,Yes
1224,4,,0,3,2342.59,1995,28111.13,laboratory technician  -  research & development,,Yes
1225,1,,0,0,2342.59,1990,,,,No
1226,0,,0,0,,1986,20900.00,,,Yes
1227,1,,0,0,,1964,28111.13,,,Yes
1228,1,,0,0,2342.59,1993,,,,Yes
1229,1,,0,0,2342.59,2001,28111.13,,,No
1230,0,,0,0,,2002,28111.13,,,Yes
1231,10,,1,8,2342.59,1993,28111.13,,,No
1232,1,,0,0,,1984,20860.00,,,Yes
1233,2,,2,0,,1999,28111.13,,,No
1234,1,,0,0,,1988,19510.00,laboratory technician  -  research & development,,Yes
1235,1,,0,0,2342.59,1996,28111.13,,,No
1236,1,,0,1,2342.59,1997,,,,No
1237,1,,0,0,,1986,30220.00,research scientist  -  research & development,,No
1238,1,,0,1,2342.59,1988,,,,Yes
1239,1,,0,0,8339.32,1975,100071.84,,,No
1240,4,,2,3,8339.32,1988,100071.84,,,Yes
1241,5,,0,2,12783.92,1968,153407.07,,,Yes
1242,1,,0,0,8103.33,1978,97240.00,,,Yes
1243,1,,0,0,2823.33,1987,33880.00,,,Yes
1244,1,,0,0,2531.67,1987,,laboratory technician  -  research & development,,Yes
1245,0,,0,0,,1978,100071.84,research director  -  research & development,,No
1246,1,,1,0,8339.32,1968,,,,Yes
1247,0,,0,0,1935.00,2000,23220.00,,,No
1248,1,,0,0,2342.59,1991,28111.13,,,Yes
1249,1,,1,0,2438.33,2003,,laboratory technician  -  research & development,,No
1250,1,,0,0,4492.84,1986,53914.11,,,No
1251,0,,0,0,2342.59,2001,28111.13,laboratory technician  -  research & development,,No
1252,1,,0,0,3754.17,1989,45050.00,,,Yes
1253,1,,0,0,,1987,28350.00,,,No
1254,0,,0,0,,2004,28111.13,sales representative  -  sales,,Yes
1255,5,,1,4,,1982,28111.13,,,Yes
1256,1,,0,0,2342.59,2004,28111.13,,,No
1257,1,,0,0,4492.84,1972,53914.11,,,Yes
1258,1,,0,0,,1965,28111.13,,,No
1259,0,,0,0,2342.59,2004,28111.13,,,Yes
1260,1,,1,0,2342.59,2004,28111.13,,,Yes
1261,1,,0,1,4492.84,1988,53914.11,,,Yes
1262,1,,0,0,,1985,65530.00,,,No
1263,1,,0,0,5560.83,1985,66730.00,,,No
1264,1,,0,0,11325.83,1982,135910.00,manager  -  sales,,No
1265,1,,0,0,,1964,21770.00,,,Yes
1266,7,,0,6,16264.17,1973,195170.00,,,No
1267,1,,0,0,4492.84,1982,53914.11,research scientist  -  research & development,,Yes
1268,24,,1,7,16001.67,1978,192020.00,,,No
1269,1,,0,0,8373.33,1986,100480.00,,,Yes
1270,1,,0,0,2269.17,1972,27230.00,,,Yes
1271,0,,0,0,2342.59,1995,28111.13,,,No
1272,0,,0,0,,1994,66440.00,,,Yes
1273,9,,7,8,4492.84,1992,53914.11,healthcare representative  -  research & development,,Yes
1274,8,,7,7,4670.83,1985,56050.00,,,No
1275,1,,0,0,2634.17,1979,31610.00,,,Yes
1276,8,,7,7,4492.84,1987,53914.11,,,Yes
1277,0,,0,0,1183.33,2005,,laboratory technician  -  research & development,,Yes
1278,1,,0,0,2342.59,1987,28111.13,,,Yes
1279,0,,0,0,1000.00,2005,12000.00,,,No
1280,1,,0,0,4365.00,1984,52380.00,,,Yes
1281,1,,0,0,,1980,99850.00,healthcare representative  -  research & development,,Yes
1282,0,,0,0,,1976,53914.11,,,No
1283,1,,0,0,,1981,159920.00,,,No
1284,8,,0,7,1975.00,1991,23700.00,,,Yes
1285,0,,0,0,8339.32,1975,100071.84,,,Yes
1286,1,,0,0,5650.83,1981,67810.00,healthcare representative  -  research & development,,No
1287,1,,0,0,5544.17,1987,,,,Yes
1288,1,,0,0,,1990,28510.00,,,No
1289,1,,0,0,,1977,52580.00,manufacturing director  -  research & development,,Yes
1290,1,,0,0,2342.59,2002,,sales representative  -  sales,,No
1291,1,,0,0,2063.33,1993,,,,Yes
1292,1,,0,0,1904.17,1993,22850.00,,,No
1293,1,,0,1,3497.50,1986,41970.00,,,Yes
1294,1,,0,0,2873.33,1983,,,,Yes
1295,10,,1,8,3798.33,1995,45580.00,,,No
1296,1,,0,0,1418.33,1985,17020.00,,,No
1297,1,,0,0,2136.67,2004,25640.00,,,Yes
1298,1,,0,0,,1966,153407.07,,,Yes
1299,5,,0,4,,1976,50700.00,,,Yes
1300,1,,0,0,3150.00,1969,37800.00,,,No
1301,1,,0,0,,1992,98240.00,,,Yes
1302,0,,0,0,,2005,18780.00,,,No
1303,1,,0,1,,1983,100071.84,,,Yes
1304,0,,0,0,4492.84,1997,53914.11,,,Yes
1305,1,,0,0,1950.00,1997,,laboratory technician  -  research & development,,Yes
1306,1,,0,0,4492.84,1985,,,,Yes
1307,1,,0,0,1772.50,1999,21270.00,,,Yes
1308,1,,0,0,1694.17,1993,20330.00,,,Yes
1309,3,,1,0,8001.67,1986,96020.00,,,No
1310,1,,0,0,2342.59,2003,28111.13,research scientist  -  research & development,,Yes
1311,1,,0,0,13855.83,1980,166270.00,,,No
1312,0,,0,0,2342.59,1985,28111.13,,,Yes
1313,5,,1,2,4492.84,1990,53914.11,sales executive  -  sales,,No
1314,1,,0,0,1735.83,1993,20830.00,,,No
1315,6,,1,2,4492.84,1994,53914.11,sales executive  -  sales,,No
1316,1,,1,1,84083,2003,10090.00,,,Yes
1317,1,,0,0,2342.59,1988,,,,No
1318,1,,0,0,,1986,28111.13,,,Yes
1319,1,,0,0,6550.83,1985,78610.00,,,Yes
1320,1,,0,0,2201.67,1994,26420.00,,,No
1321,1,,0,0,4492.84,1988,53914.11,,,Yes
1322,1,,0,1,2342.59,1985,,,,Yes
1323,0,,0,0,4267.50,1989,51210.00,,,Yes
1324,0,,0,0,2342.59,2000,,,,No
1325,1,,0,0,2245.00,1999,26940.00,,,No
1326,1,,0,0,2342.59,1994,28111.13,,,Yes
1327,1,,0,0,4245.00,1983,50940.00,,,Yes
1328,0,,0,0,4492.84,1993,53914.11,manufacturing director  -  research & development,,Yes
1329,1,,0,0,,1978,22740.00,,,Yes
1330,0,,0,0,2342.59,1996,28111.13,,,Yes
1331,1,,0,0,,1986,53914.11,,,Yes
1332,3,,0,2,1928.33,1991,23140.00,,,Yes
1333,2,,2,2,,1970,153407.07,,,Yes
1334,10,,0,9,,1986,100071.84,,,No
1335,1,,0,1,2342.59,1991,28111.13,,,Yes
1336,1,,0,0,,1965,23800.00,,,Yes
1337,1,,0,0,4492.84,1980,53914.11,,,No
1338,1,,0,0,2342.59,2002,28111.13,research scientist  -  research & development,,No
1339,1,,1,0,1673.33,1989,20080.00,,,Yes
1340,6,,0,4,8793.33,1965,105520.00,,,No
1341,0,,0,0,1882.50,1975,22590.00,,,No
1342,3,,0,2,2342.59,1991,28111.13,,,Yes
1343,1,,0,0,,1998,24130.00,,,No
1344,1,,0,0,8339.32,1983,100071.84,sales executive  -  sales,,Yes
1345,1,,0,0,,2004,21210.00,,,No
1346,1,,0,0,2342.59,2003,28111.13,laboratory technician  -  research & development,,No
1347,5,,1,4,4492.84,1990,53914.11,,,Yes
1348,1,,0,0,,1965,24790.00,,,No
1349,1,,0,0,,1983,131940.00,,,Yes
1350,0,,0,0,2342.59,1994,28111.13,,,Yes
1351,9,,0,7,3469.17,1976,,,,No
1352,0,,0,0,2342.59,2005,28111.13,,,Yes
1353,1,,0,0,,2003,26000.00,,,No
1354,1,,0,0,15252.50,1981,183030.00,,,Yes
1355,1,,0,0,1983.33,1973,,laboratory technician  -  research & development,,Yes
1356,1,,0,0,3980.83,1986,47770.00,,,Yes
1357,1,,0,0,4492.84,1985,,,,No
1358,1,,0,0,,1987,53914.11,,,Yes
1359,1,,0,0,87667,1995,10520.00,sales representative  -  sales,,Yes
1360,1,,0,0,,1980,100071.84,,,Yes
1361,1,,1,0,2342.59,2002,28111.13,laboratory technician  -  research & development,,Yes
1362,10,,2,7,,1972,24610.00,,,No
1363,1,,0,0,,1986,53914.11,sales executive  -  sales,,No
1364,1,,0,0,,1995,25960.00,laboratory technician  -  research & development,,No
1365,0,,0,0,,1973,47280.00,,,Yes
1366,0,,0,0,2342.59,1989,28111.13,,,Yes
1367,1,,0,0,6125.83,1985,73510.00,,,Yes
1368,1,,0,0,4492.84,1981,53914.11,,,No
1369,0,,0,0,2342.59,2005,28111.13,,,Yes
1370,1,,0,0,3971.67,1982,47660.00,,,No
1371,8,,1,7,1881.67,1988,22580.00,laboratory technician  -  research & development,,Yes
1372,1,,0,0,,1991,28270.00,sales representative  -  sales,,Yes
1373,0,,0,0,2377.50,2001,28530.00,,,Yes
1374,0,,0,0,,1979,22900.00,,,Yes
1375,1,,0,0,1755.83,1982,21070.00,,,Yes
1376,0,,0,0,,1983,53914.11,,,No
1377,1,,0,0,1841.67,1999,22100.00,,,Yes
1378,1,,0,0,10992.50,1981,131910.00,,,No
1379,1,,0,0,,1974,191324.62,manager  -  research & development,,Yes
1380,1,,0,0,2342.59,1975,,,,Yes
1381,6,,1,0,4492.84,1994,53914.11,healthcare representative  -  research & development,,Yes
1382,1,,0,0,15220.83,1975,182650.00,research director  -  research & development,,Yes
1383,1,,0,0,2342.59,1989,28111.13,,,Yes
1384,1,,0,1,2342.59,2004,28111.13,,,Yes
1385,1,0,0,1,2342.59,2000,28111.13,,,No
1386,1,,1,0,93167,1998,,,,Yes
1387,1,,0,0,,1981,23720.00,,,No
1388,7,,7,7,2365.00,1972,28380.00,,,No
1389,0,,0,0,15050.83,1978,180610.00,,,No
1390,1,,0,0,2342.59,1996,28111.13,,,Yes
1391,0,,0,0,1342.50,2005,16110.00,,,No
1392,1,,0,0,2342.59,1992,28111.13,,,Yes
1393,1,,0,0,2342.59,1992,28111.13,,,No
1394,1,,0,0,2342.59,1992,28111.13,,,No
1395,5,,1,4,2342.59,1996,28111.13,,,No
1396,1,,0,0,,1984,28111.13,,,Yes
1397,1,,0,0,3973.33,1979,47680.00,,,No
1398,1,,0,0,,1993,12740.00,research scientist  -  research & development,,No
1399,1,0,0,0,2003.33,1988,24040.00,,,Yes
1400,0,,0,0,2342.59,1999,28111.13,,,No
1401,1,,0,0,,1999,20330.00,,,Yes
1402,0,,0,0,,1995,25610.00,,,Yes
1403,1,,0,0,,1995,15630.00,,,No
1404,0,,0,0,5323.33,1990,,,,Yes
1405,2,,2,2,,1984,83760.00,,,No
1406,1,,0,0,4034.17,1981,48410.00,,,Yes
1407,1,0,0,0,2342.59,1994,28111.13,,,No
1408,3,,1,2,,1988,28111.13,,,No
1409,1,,0,0,1728.33,1988,,,,Yes
1410,1,,0,0,2476.67,1989,29720.00,,,No
1411,1,,0,0,,1997,28111.13,,,Yes
1412,1,,0,0,5679.17,1987,68150.00,,,Yes
1413,1,,0,0,15943.72,1973,191324.62,,,No
1414,1,,0,1,,1981,191324.62,,,No
1415,1,,0,1,2241.67,1988,,,,No
1416,26,,0,12,,1977,175670.00,,,No
1417,0,,0,0,,2005,15690.00,sales representative  -  sales,,Yes
1418,10,,0,9,3489.17,1994,41870.00,,,Yes
1419,10,,0,2,4492.84,1992,53914.11,,,Yes
1420,2,,0,2,8339.32,1982,100071.84,,,Yes
1421,0,,0,0,,1985,33060.00,,,Yes
1422,1,,0,0,,1991,13930.00,,,Yes
1423,1,,0,0,9069.17,1963,108830.00,,,No
1424,1,,0,0,2342.59,1999,,,,Yes
1425,1,,0,0,,1983,53914.11,,,Yes
1426,10,,0,8,2385.00,1993,,,,Yes
1427,1,,0,0,4492.84,1976,53914.11,,,Yes
1428,0,,0,0,5612.50,1991,67350.00,sales executive  -  sales,,No
1429,5,,0,3,,1978,97560.00,,,Yes
1430,5,,1,2,2342.59,1989,28111.13,,,No
1431,0,,0,0,8339.32,1990,100071.84,,,Yes
1432,1,,0,0,8339.32,1992,,,,Yes
1433,1,,0,0,,1994,28111.13,,,Yes
1434,7,,1,7,4411.67,1993,52940.00,,,No
1435,1,,1,0,,1985,53914.11,,,Yes
1436,1,,0,0,2030.83,1980,24370.00,,,No
1437,1,,0,0,,1968,191324.62,,,No
1438,1,,1,0,2342.59,2002,,,,Yes
1439,1,,0,0,2342.59,2001,28111.13,,,Yes
1440,10,,4,7,,1986,40710.00,,,Yes
1441,0,,0,0,4492.84,1981,53914.11,,,No
1442,0,,0,0,2342.59,2005,,,,Yes
1443,1,,0,0,2463.33,1992,29560.00,,,Yes
1444,1,,0,0,,1987,53914.11,,,Yes
1445,0,,0,0,3873.33,1991,46480.00,,,Yes
1446,7,,1,6,,1994,53914.11,,,No
1447,0,,0,0,2342.59,1981,28111.13,,,Yes
1448,1,,0,0,2336.67,1994,28040.00,,,Yes
1449,1,,1,0,2032.50,1994,24390.00,,,No
1450,1,,0,0,2380.00,1995,,sales representative  -  sales,,Yes
1451,1,,0,0,2342.59,1993,,,,No
1452,1,,0,0,2342.59,2001,,research scientist  -  research & development,,Yes
1453,1,,1,0,2444.17,1997,29330.00,,,No
1454,2,0,2,2,4492.84,1979,53914.11,,,Yes
1455,1,,0,0,,1994,10910.00,sales representative  -  sales,,Yes
1456,2,,2,2,4492.84,1995,53914.11,,,Yes
1457,0,,0,0,4492.84,1967,53914.11,,,Yes
1458,10,,7,9,,1984,51510.00,,,Yes
1459,1,,0,0,,1965,153407.07,,,Yes
1460,0,,0,0,,1981,53914.11,sales executive  -  sales,,No
1461,1,,0,0,2385.83,1996,28630.00,,,No
1462,1,,0,0,2381.67,1985,,,,Yes
1463,1,,0,0,4492.84,1991,53914.11,,,Yes
1464,1,,0,0,94083,1992,11290.00,,,Yes
1465,2,,1,2,2342.59,1998,28111.13,,,No
1466,1,,0,0,2342.59,1983,28111.13,laboratory technician  -  research & development,,Yes
1467,6,,1,3,16192.50,1984,194310.00,,,No
1468,1,,1,0,2342.59,2000,,,,No
1469,9,,1,7,8339.32,1988,100071.84,,,No
1470,11,,5,7,1923.33,1989,23080.00,,,Yes
1471,5,,1,4,,1995,21440.00,,,No
1472,5,,0,2,4477.50,1994,53730.00,,,No
1473,40,,15,6,8339.32,1965,100071.84,,,Yes
1474,16,,5,13,,1985,100071.84,,,Yes
1475,11,,4,1,,1994,100071.84,,,Yes
1476,36,,4,13,15870.83,1968,190450.00,,,Yes
1477,22,,0,4,,1982,160150.00,,,Yes
1478,18,,3,7,8010.83,1984,,healthcare representative  -  research & development,,Yes
1479,11,,2,9,,1985,115100.00,,,Yes
1480,25,,3,9,12783.92,1980,,,,Yes
1481,13,,3,12,3588.33,1992,43060.00,,,Yes
1482,27,,15,7,14205.00,1973,170460.00,manager  -  research & development,,Yes
1483,2,,2,2,2342.59,1990,28111.13,sales representative  -  sales,,No
1484,3,,1,2,1701.67,1997,,,,Yes
1485,2,,2,2,2350.83,1985,28210.00,,,No
1486,2,,2,2,15943.72,1977,191324.62,,,Yes
1487,2,,2,2,,2002,20700.00,,,Yes
1488,2,,2,2,,1992,27910.00,,,No
1489,5,,0,2,,1988,53914.11,,,Yes
1490,3,,0,2,,1989,53914.11,,,Yes
1491,5,,0,3,,1990,82240.00,,,Yes
1492,2,,2,2,,1992,26100.00,laboratory technician  -  research & development,,No
1493,6,,1,3,,1986,57310.00,,,No
1494,4,2,2,2,2115.83,1996,,,,No
1495,2,,2,2,1980.00,1988,23760.00,,,Yes
1496,5,,4,2,15943.72,1967,191324.62,,,No
1497,3,,0,2,,1978,28111.13,research scientist  -  research & development,,Yes
1498,9,,1,8,2949.17,1980,35390.00,,,Yes
1499,12,,5,7,,1992,54680.00,,,Yes
1500,10,,7,7,4844.17,1988,58130.00,,,Yes
1501,7,,1,7,4492.84,1988,53914.11,manufacturing director  -  research & development,,No
1502,7,,0,2,8055.83,1993,96670.00,,,No
1503,9,7,3,7,4492.84,1977,53914.11,,,No
1504,8,,5,7,4295.00,1978,,,,Yes
1505,7,,7,7,4729.17,1980,,,,No
1506,8,,0,7,6095.00,1977,73140.00,,,No
1507,19,,11,16,12783.92,1983,153407.07,manager  -  research & development,,Yes
1508,8,,0,7,4492.84,1996,53914.11,sales executive  -  sales,,Yes
1509,13,,5,7,8339.32,1981,100071.84,,,No
1510,7,,7,7,2342.59,1997,28111.13,,,Yes
1511,7,,0,7,,1995,53914.11,,,Yes
1512,5,,0,3,,1992,28111.13,research scientist  -  research & development,,Yes
1513,2,,1,0,5341.67,1992,64100.00,,,Yes
1514,2,,2,2,,1992,28111.13,research scientist  -  research & development,,Yes
1515,8,,7,7,4117.50,1971,49410.00,,,No
1516,3,,2,2,2342.59,1995,28111.13,,,Yes
1517,3,,1,1,,1976,191324.62,,,Yes
1518,3,,2,2,,1994,39830.00,,,No
1519,6,,0,4,5289.17,1986,63470.00,,,No
1520,4,,0,2,,2000,29040.00,,,No
1521,3,,1,0,2246.67,1981,26960.00,human resources  -  human resources,,Yes
1522,2,,2,2,4492.84,1993,53914.11,sales executive  -  sales,,Yes
1523,3,,1,2,1811.67,2002,21740.00,,,No
1524,3,,1,2,5629.17,1966,67550.00,,,No
1525,3,2,2,2,2342.59,2002,28111.13,,,Yes
1526,2,,2,2,2214.17,1992,26570.00,,,No
1527,3,,1,2,,1994,28111.13,research scientist  -  research & development,,Yes
1528,5,,0,4,,1996,28111.13,,,Yes
1529,5,,0,0,,1974,109650.00,,,No
1530,2,,2,2,2119.17,1987,,,,Yes
1531,5,,0,4,4420.00,1989,,,,Yes
1532,5,,0,3,4492.84,1999,53914.11,,,Yes
1533,5,,1,2,2342.59,1981,28111.13,,,Yes
1534,4,,1,2,16171.67,1969,,,,Yes
1535,3,,1,2,,1989,65380.00,,,Yes
1536,3,,1,2,1881.67,1980,22580.00,,,Yes
1537,5,,0,2,4492.84,1980,,,,Yes
1538,4,,3,2,1848.33,1992,,,,Yes
1539,2,,0,2,,1998,28111.13,,,Yes
1540,2,,0,2,,1978,26540.00,,,Yes
1541,20,,4,10,12783.92,1978,153407.07,,,Yes
1542,10,,9,9,,1976,100071.84,,,No
1543,7,,6,2,8339.32,1988,,,,Yes
1544,10,,0,9,4492.84,1994,53914.11,,,Yes
1545,10,,0,8,4492.84,1968,,laboratory technician  -  research & development,,Yes
1546,8,,7,4,,1997,58280.00,,,Yes
1547,8,,7,7,,1992,53914.11,,,No
1548,8,,1,7,2045.83,1980,24550.00,,,No
1549,7,,1,7,4492.84,1992,,,,Yes
1550,7,,0,7,,1991,50550.00,,,No
1551,7,,0,1,3901.67,1990,,,,Yes
1552,9,,0,0,4380.83,1980,,laboratory technician  -  research & development,,No
1553,7,,0,7,1765.83,1994,,,,Yes
1554,8,,0,7,4492.84,1996,53914.11,sales executive  -  sales,,Yes
1555,7,,1,7,4492.84,1994,,,,Yes
1556,7,,6,7,,1986,59740.00,,,Yes
1557,8,,7,7,,1997,53914.11,,,No
1558,7,,1,7,,1983,28111.13,,,Yes
1559,8,,7,7,4492.84,1982,53914.11,,,Yes
1560,7,,0,7,,1972,53914.11,,,No
1561,18,,12,17,2528.33,1986,30340.00,,,No
1562,7,,7,7,11010.00,1967,132120.00,,,Yes
1563,10,,0,7,6993.33,1982,83920.00,sales executive  -  sales,,Yes
1564,10,,0,8,4492.84,1977,,,,No
1565,11,,6,7,2342.59,1993,28111.13,,,Yes
1566,8,,0,0,,1988,100071.84,,,Yes
1567,9,,6,7,3375.83,1975,40510.00,,,Yes
1568,8,,3,7,,1978,48050.00,,,No
1569,7,,1,0,,1997,27410.00,,,Yes
1570,8,,0,7,4492.84,1982,53914.11,,,Yes
1571,10,,5,7,,1989,53370.00,,,No
1572,7,,5,7,,1992,53914.11,,,Yes
1573,8,,4,7,4492.84,1980,53914.11,,,Yes
1574,14,,8,10,,1970,53914.11,sales executive  -  sales,,No
1575,10,,7,8,7861.67,1986,94340.00,,,Yes
1576,9,,7,1,8339.32,1969,100071.84,,,No
1577,7,,0,5,4492.84,1985,53914.11,sales executive  -  sales,,Yes
1578,10,,2,8,2342.59,1994,,research scientist  -  research & development,,Yes
1579,8,,7,7,8339.32,1989,100071.84,,,Yes
1580,20,7,11,10,4492.84,1984,53914.11,,,No
1581,10,,0,8,4496.67,1991,,,,Yes
1582,9,,1,8,4492.84,1985,53914.11,,,No
1583,9,,0,7,,1996,100071.84,,,No
1584,7,,7,7,,1991,111590.00,,,No
1585,7,,1,7,,1976,49600.00,,,No
1586,9,,1,7,7327.50,1996,87930.00,,,Yes
1587,22,,2,10,15990.83,1982,191890.00,,,No
1588,7,,3,7,,1995,22160.00,research scientist  -  research & development,,Yes
1589,8,,0,5,9760.83,1987,117130.00,research director  -  research & development,,No
1590,8,,7,7,4420.00,1993,53040.00,,,No
1591,10,,1,1,9252.50,1967,111030.00,,,Yes
1592,8,,3,1,5526.67,1978,66320.00,,,Yes
1593,10,,0,9,6322.50,1987,75870.00,,,Yes
1594,8,,1,1,3612.50,1994,43350.00,,,Yes
1595,15,,4,12,4983.33,1985,59800.00,,,No
1596,8,,3,7,,1983,42440.00,,,Yes
1597,24,,14,9,,1981,191324.62,,,Yes
1598,9,,0,5,4356.67,1987,52280.00,,,Yes
1599,10,,0,7,2250.00,1994,27000.00,,,No
1600,9,,7,3,4492.84,1968,,,,Yes
1601,8,,7,5,4492.84,1995,53914.11,sales executive  -  sales,,No
1602,8,,1,7,1971.67,1997,23660.00,,,Yes
1603,8,,7,1,,1979,28111.13,,,No
1604,7,,1,0,,1982,28111.13,laboratory technician  -  research & development,,Yes
1605,7,,5,2,,1992,23290.00,,,Yes
1606,7,,0,7,3578.33,1997,42940.00,sales executive  -  sales,,Yes
1607,9,,8,5,,1992,53914.11,,,Yes
1608,8,,6,3,,1991,67250.00,,,Yes
1609,16,,3,7,8604.17,1987,103250.00,,,No
1610,9,,0,8,3705.83,1978,44470.00,,,Yes
1611,8,,0,7,,1984,100071.84,,,Yes
1612,7,,0,7,4492.84,1987,53914.11,,,Yes
1613,8,,0,7,9037.50,1977,108450.00,,,No
1614,9,,1,8,8339.32,1988,,,,Yes
1615,2,,2,2,2342.59,1964,28111.13,human resources  -  human resources,,No
1616,10,,7,4,8339.32,1993,100071.84,,,Yes
1617,15,,10,10,,1989,53914.11,,,No
1618,3,,1,2,2342.59,1976,,,,Yes
1619,5,,0,3,3468.33,1999,,,,Yes
1620,1,,0,0,2342.59,2002,28111.13,research scientist  -  research & development,,No
1621,2,,2,2,2342.59,1973,28111.13,,,Yes
1622,4,,1,2,,1972,53914.11,,,Yes
1623,10,,1,7,4492.84,1987,53914.11,sales executive  -  sales,,No
1624,11,,1,8,3686.67,1992,44240.00,,,No
1625,1,,0,0,,1965,24790.00,,,No
1626,8,,0,7,,1973,181720.00,,,Yes
1627,6,,4,1,2342.59,1991,28111.13,,,No
1628,1,,0,0,2342.59,1992,28111.13,,,Yes
1629,10,,0,7,,1986,100071.84,,,Yes
1630,10,,9,9,8339.32,1976,,,,Yes
1631,5,,0,4,,1995,28111.13,,,Yes
1632,3,,2,2,3319.17,1994,39830.00,,,Yes
1633,8,,1,1,3612.50,1994,43350.00,,,Yes
1634,10,,0,8,,1988,100071.84,,,Yes
1635,1,,0,0,,1999,20330.00,,,Yes
1636,1,,0,0,,1999,28111.13,laboratory technician  -  research & development,,No
1637,8,,0,0,,1988,100071.84,,,Yes
1638,9,,6,7,3375.83,1975,40510.00,,,Yes
1639,2,2,2,2,,1992,28111.13,laboratory technician  -  research & development,,Yes
1640,6,,0,5,,1992,53914.11,sales executive  -  sales,,Yes
1641,3,,0,2,2690.83,1998,32290.00,,,Yes
1642,8,,7,4,4856.67,1997,,,,Yes
1643,3,,1,2,5629.17,1966,67550.00,,,No
1644,20,,3,8,2342.59,1973,,,,Yes
1645,40,,15,6,8339.32,1965,100071.84,,,Yes
1646,1,,0,0,,1988,19510.00,laboratory technician  -  research & development,,Yes
1647,5,,0,4,4420.00,1989,,,,Yes
1648,4,,0,3,,1972,106500.00,,,No
1649,10,,8,8,8339.32,1994,,,,No
1650,3,,2,2,1918.33,1992,23020.00,,,No
1651,6,,0,3,5415.83,1987,64990.00,,,Yes
1652,13,,3,7,4928.33,1987,59140.00,,,Yes
1653,6,,0,2,8339.32,1967,,,,Yes
1654,3,,1,2,5542.50,1974,66510.00,healthcare representative  -  research & development,,Yes
1655,1,,0,0,8103.33,1978,97240.00,,,Yes
1656,18,,11,8,13829.17,1982,165950.00,,,Yes
1657,8,,3,7,,1978,48050.00,,,No
1658,1,,0,0,2531.67,1987,,laboratory technician  -  research & development,,Yes
1659,9,,1,8,2949.17,1980,35390.00,,,Yes
1660,5,,0,3,2342.59,1987,28111.13,,,No
1661,0,,0,0,2342.59,2005,28111.13,,,Yes
1662,1,,0,0,2245.00,1999,26940.00,,,No
1663,6,,1,1,,1993,21410.00,,,Yes
1664,36,,4,13,15870.83,1968,190450.00,,,Yes
1665,0,,0,0,4267.50,1989,51210.00,,,Yes
1666,2,,2,2,4492.84,2001,53914.11,,,No
1667,1,,0,0,4492.84,1982,53914.11,research scientist  -  research & development,,Yes
1668,5,,0,2,,1990,53914.11,,,Yes
1669,3,,0,2,2876.67,1990,34520.00,,,No
1670,0,,0,0,1882.50,1975,22590.00,,,No
1671,9,,8,5,,1992,53914.11,,,Yes
1672,8,,0,7,,1984,100071.84,,,No
1673,3,,1,2,3949.17,1980,,,,Yes
1674,5,,1,0,15943.72,1976,191324.62,,,No
1675,6,,1,5,,1994,28111.13,,,No
1676,22,,14,10,8339.32,1976,100071.84,,,Yes
1677,8,,0,7,,1991,53914.11,,,No
